po_number,truck_id,gate_arrival_ts,offload_complete_ts
PO100732,UA147C,2024-05-09 18:43:56,2024-05-09 19:56:17
PO100806,UA293C,2024-05-24 13:35:28,2024-05-24 14:44:10
PO101587,UA550D,2024-10-29 19:08:57,2024-10-29 20:02:27
PO102694,UA369H,2025-06-02 22:10:42,2025-06-02 23:02:13
PO100174,UA538D,2024-02-01 12:39:34,2024-02-01 13:32:54
PO103630,UA927D,2025-12-10 16:24:18,2025-12-10 17:22:54
PO103360,UA834G,2025-10-15 14:55:18,2025-10-15 15:55:02
PO100371,UA959H,2024-03-05 15:16:34,2024-03-05 16:02:59
PO102230,UA508B,2025-03-03 13:58:47,2025-03-03 14:42:59
PO101445,UA990D,2024-09-27 08:03:29,2024-09-27 08:47:08
PO102769,UA621H,2025-06-17 20:11:21,2025-06-17 21:22:55
PO101060,UA679B,2024-07-13 12:31:38,2024-07-13 13:46:47
PO101808,UA950D,2024-12-11 13:42:45,2024-12-11 14:33:15
PO100073,UA241A,2024-01-16 15:02:07,2024-01-16 16:06:21
PO101728,UA306H,2024-11-25 10:19:45,2024-11-25 11:24:23
PO102381,UA879D,2025-04-02 12:39:55,2025-04-02 13:05:13
PO100935,UA897C,2024-06-15 11:22:50,2024-06-15 12:06:07
PO102292,UA882D,2025-03-15 21:28:46,2025-03-15 22:14:56
PO100007,UA672F,2024-01-02 22:35:32,2024-01-02 22:58:30
PO101731,UA216C,2024-11-25 08:17:10,2024-11-25 09:33:52
PO101553,UA736A,2024-10-22 09:49:05,2024-10-22 10:36:35
PO103144,UA720G,2025-08-29 18:41:05,2025-08-29 19:33:12
PO103725,UA844H,2025-12-29 07:45:42,2025-12-29 08:37:27
PO100440,UA130D,2024-03-18 16:39:57,2024-03-18 17:53:00
PO102426,UA677C,2025-04-12 18:52:47,2025-04-12 19:40:18
PO101018,UA306A,2024-07-04 17:13:48,2024-07-04 17:48:55
PO103036,UA950B,2025-08-06 16:00:51,2025-08-06 17:09:00
PO100294,UA725B,2024-02-21 10:06:47,2024-02-21 11:10:19
PO103688,UA759A,2025-12-19 16:47:57,2025-12-19 17:28:16
PO101201,UA398G,2024-08-09 13:09:20,2024-08-09 14:07:22
PO100672,UA966E,2024-04-30 12:01:16,2024-04-30 13:00:52
PO100482,UA159A,2024-03-26 13:47:02,2024-03-26 14:46:19
PO101208,UA689G,2024-08-10 21:26:59,2024-08-10 22:08:01
PO101792,UA526C,2024-12-07 17:04:33,2024-12-07 17:56:55
PO100324,UA858D,2024-02-26 14:34:57,2024-02-26 15:35:04
PO100510,UA812E,2024-03-31 08:21:32,2024-03-31 09:22:17
PO100423,UA296E,2024-03-15 04:21:52,2024-03-15 10:22:30
PO102630,UA412A,2025-05-21 14:01:41,2025-05-21 15:22:44
PO101401,UA562D,2024-09-20 14:19:47,2024-09-20 14:51:45
PO102286,UA584H,2025-03-14 19:25:01,2025-03-14 20:10:10
PO101921,UA529A,2024-12-30 13:38:42,2024-12-30 14:52:10
PO101548,UA508B,2024-10-22 12:02:57,2024-10-22 12:58:35
PO103201,UA581F,2025-09-12 18:29:04,2025-09-12 19:27:53
PO102409,UA900D,2025-04-09 15:27:04,2025-04-09 16:49:54
PO101835,UA588F,2024-12-14 17:27:49,2024-12-14 18:42:58
PO103212,UA279G,2025-09-15 15:01:32,2025-09-15 15:36:47
PO101707,UA122D,2024-11-20 14:42:15,2024-11-20 16:02:20
PO103038,UA731D,2025-08-06 11:16:01,2025-08-06 12:21:56
PO100404,UA339C,2024-03-12 12:21:13,2024-03-12 13:14:37
PO101699,UA845A,2024-11-19 10:16:09,2024-11-19 11:18:58
PO100719,UA859E,2024-05-07 13:28:52,2024-05-07 13:59:43
PO101825,UA849G,2024-12-13 17:09:13,2024-12-13 18:23:35
PO102460,UA634B,2025-04-17 11:58:11,2025-04-17 12:34:55
PO101152,UA940D,2024-07-30 17:03:23,2024-07-30 18:08:06
PO101817,UA294G,2024-12-12 10:01:40,2024-12-12 10:32:45
PO100347,UA478A,2024-02-29 09:57:05,2024-02-29 10:30:27
PO102734,UA569F,2025-06-07 16:20:10,2025-06-07 17:16:06
PO100762,UA124A,2024-05-16 14:18:09,2024-05-16 14:51:59
PO100627,UA531E,2024-04-22 09:19:18,2024-04-22 09:54:03
PO102776,UA665D,2025-06-17 07:09:34,2025-06-17 08:15:23
PO100273,UA483D,2024-02-19 17:19:11,2024-02-19 18:19:18
PO101099,UA111D,2024-07-23 14:07:14,2024-07-23 15:12:57
PO100262,UA368D,2024-02-16 10:30:01,2024-02-16 11:20:53
PO101913,UA989A,2024-12-28 16:17:14,2024-12-28 17:20:46
PO100676,UA605E,,2024-04-30 19:31:09
PO103132,UA933B,2025-08-26 14:52:47,2025-08-26 15:46:37
PO100655,UA227B,2024-04-26 15:59:46,2024-04-26 17:27:43
PO102882,UA304B,2025-07-09 08:47:22,2025-07-09 09:49:39
PO103449,UA147G,2025-10-31 15:00:11,2025-10-31 15:48:28
PO100905,UA905H,10/06/2024 13:10,2024-06-10 14:09:18
PO100697,UA269C,2024-05-03 16:56:26,2024-05-03 17:39:33
PO103428,UA283D,,2025-10-28 18:48:19
PO102564,UA991G,2025-05-07 13:20:20,2025-05-07 14:09:51
PO100203,UA654H,2024-02-07 15:02:22,2024-02-07 15:36:35
PO102383,UA872G,2025-04-03 14:52:28,2025-04-03 15:54:04
PO100769,UA743B,2024-05-17 17:19:25,2024-05-17 17:53:59
PO102636,UA928H,2025-05-22 14:10:57,2025-05-22 15:33:50
PO102542,UA817A,,2025-05-04 13:24:23
PO101886,UA220D,2024-12-23 19:30:53,2024-12-23 20:26:17
PO100216,UA130C,2024-02-09 12:37:08,2024-02-09 13:12:07
PO101687,UA112H,2024-11-16 11:42:31,2024-11-16 12:37:41
PO102191,UA547B,2025-02-21 16:21:42,2025-02-21 17:12:44
PO101315,UA417C,2024-09-04 16:28:04,2024-09-04 17:27:59
PO100286,UA123D,2024-02-20 12:44:04,2024-02-20 13:31:54
PO101530,UA419G,15/10/2024 11:43,2024-10-15 12:43:04
PO100237,UA831C,2024-02-12 15:44:23,2024-02-12 16:32:00
PO101326,UA712A,2024-09-05 10:19:59,2024-09-05 11:40:29
PO100408,UA841D,2024-03-13 20:38:44,2024-03-13 21:28:51
PO100907,UA747C,2024-06-11 08:45:23,2024-06-11 09:37:03
PO101112,UA380G,2024-07-24 19:14:06,2024-07-24 20:31:21
PO102265,UA883H,2025-03-11 19:15:47,2025-03-11 20:14:15
PO101512,UA953F,2024-10-11 11:24:14,2024-10-11 12:05:52
PO100070,UA464A,15/01/2024 15:12,2024-01-15 16:27:57
PO103055,UA597E,2025-08-11 11:04:14,2025-08-11 12:15:34
PO102801,UA450C,2025-06-23 09:27:59,2025-06-23 10:28:50
PO102808,UA433E,2025-06-24 12:46:44,2025-06-24 13:43:53
PO102778,UA316B,2025-06-17 10:00:31,2025-06-17 10:33:03
PO103485,UA536G,07/11/2025 15:13,2025-11-07 16:20:06
PO101413,UA833C,2024-09-23 16:42:44,2024-09-23 17:47:36
PO100679,UA694H,2024-05-01 20:39:21,2024-05-01 21:15:00
PO103736,UA803F,2025-12-31 18:36:41,2025-12-31 19:22:58
PO102279,UA132F,2025-03-13 11:48:58,2025-03-13 13:04:03
PO101037,UA720A,2024-07-09 16:37:06,2024-07-09 17:47:20
PO103531,UA426C,2025-11-19 08:08:18,2025-11-19 08:56:30
PO102557,UA964F,2025-05-07 19:51:14,2025-05-07 20:43:27
PO103491,UA133H,2025-11-08 12:27:58,2025-11-08 13:03:29
PO100123,UA797H,2024-01-24 12:01:22,2024-01-24 12:47:07
PO103567,UA312C,2025-11-25 16:32:53,2025-11-25 17:51:47
PO101572,UA108B,2024-10-25 09:07:12,2024-10-25 10:00:31
PO101676,UA360C,2024-11-14 15:15:01,2024-11-14 16:00:02
PO101771,UA546C,2024-12-03 13:01:53,2024-12-03 14:10:12
PO100039,UA548C,2024-01-08 11:21:35,2024-01-08 21:12:08
PO101158,UA593D,2024-07-31 14:32:06,2024-07-31 15:06:28
PO103680,UA825A,,2025-12-18 13:38:23
PO101537,UA647B,,2024-10-17 18:23:24
PO102013,UA637G,2025-01-16 15:53:32,2025-01-16 17:21:10
PO101433,UA372F,2024-09-25 20:11:46,2024-09-25 21:02:36
PO101168,UA219H,2024-08-02 10:18:58,2024-08-02 11:26:12
PO102099,UA884F,2025-01-30 20:32:36,2025-01-30 21:31:59
PO101381,UA783H,2024-09-16 10:40:55,2024-09-16 11:43:35
PO103327,UA382C,2025-10-06 21:28:28,2025-10-06 22:01:55
PO103011,UA821C,2025-08-03 15:56:03,2025-08-03 16:51:54
PO101010,UA705A,2024-07-02 20:41:10,2024-07-02 21:34:00
PO102095,UA195A,2025-01-30 18:45:19,2025-01-30 19:46:33
PO101261,UA780G,2024-08-22 09:08:29,2024-08-22 09:59:35
PO103126,UA728F,2025-08-25 09:46:01,2025-08-25 10:23:03
PO100176,UA426F,2024-02-02 12:09:09,2024-02-02 12:50:25
PO102888,UA905B,2025-07-10 20:47:45,2025-07-10 21:48:55
PO102073,UA866C,2025-01-27 12:51:43,2025-01-27 13:31:39
PO103388,UA783D,2025-10-21 08:46:37,2025-10-21 10:00:41
PO101671,UA581F,2024-11-14 10:16:44,2024-11-14 11:42:19
PO101014,UA756E,2024-07-03 15:53:05,2024-07-03 16:36:20
PO102777,UA120H,2025-06-17 12:54:43,2025-06-17 13:38:32
PO102979,UA991D,2025-07-28 12:07:13,2025-07-28 13:17:40
PO103415,UA520G,2025-10-25 11:18:52,2025-10-25 12:26:27
PO101291,UA609H,2024-08-30 15:29:36,2024-08-30 16:14:13
PO103168,UA342C,2025-09-05 13:58:54,2025-09-05 14:38:46
PO102387,UA802D,2025-04-03 17:03:12,2025-04-03 18:00:03
PO101418,UA430D,2024-09-23 11:15:06,2024-09-23 18:33:35
PO103114,UA977A,2025-08-22 11:32:07,2025-08-22 12:21:37
PO100465,UA121E,2024-03-22 13:38:03,2024-03-22 14:38:00
PO100449,UA717D,2024-03-19 16:14:51,2024-03-19 17:22:23
PO102918,UA877F,2025-07-16 16:04:45,2025-07-16 17:23:57
PO101038,UA437D,,2024-07-09 14:19:22
PO101955,UA932H,2025-01-06 18:49:44,2025-01-06 19:42:53
PO101513,UA710F,2024-10-12 08:03:21,2024-10-12 08:51:57
PO102810,UA196H,2025-06-24 12:07:23,2025-06-24 12:56:29
PO102526,UA764A,2025-04-30 08:20:21,2025-04-30 09:01:08
PO101015,UA760C,2024-07-04 11:45:47,2024-07-04 12:23:47
PO102177,UA906F,2025-02-17 17:07:41,2025-02-17 17:53:09
PO103458,UA128G,2025-11-01 10:53:41,2025-11-01 11:40:13
PO101334,UA917D,2024-09-06 13:14:49,2024-09-06 14:06:47
PO100274,UA813F,2024-02-19 14:40:01,2024-02-19 15:45:46
PO101421,UA962G,2024-09-23 12:59:58,2024-09-23 14:10:47
PO103254,UA326B,2025-09-23 09:19:39,2025-09-23 10:19:29
PO101610,UA543C,2024-11-01 07:25:40,2024-11-01 08:47:52
PO100561,UA130C,2024-04-10 09:03:38,2024-04-10 10:05:51
PO103421,UA671C,2025-10-27 07:18:31,2025-10-27 07:53:29
PO100659,UA449F,2024-04-26 18:17:28,2024-04-26 19:07:06
PO100558,UA271D,2024-04-10 01:22:07,2024-04-10 02:35:19
PO102272,UA681B,2025-03-12 08:48:33,2025-03-12 10:04:35
PO100455,UA665D,2024-03-21 17:10:09,2024-03-21 17:50:54
PO102578,UA643F,2025-05-10 14:03:32,2025-05-10 15:05:53
PO102736,UA726E,2025-06-07 18:20:10,2025-06-07 19:34:18
PO101055,UA442G,2024-07-12 14:06:42,2024-07-12 14:53:49
PO101544,UA405D,18/10/2024 13:40,2024-10-18 14:22:58
PO103666,UA850B,2025-12-16 16:40:18,2025-12-16 17:04:28
PO100116,UA996D,2024-01-24 09:03:14,2024-01-24 09:51:51
PO103266,UA510F,2025-09-24 17:00:18,2025-09-24 17:43:59
PO100720,UA107H,2024-05-07 11:45:43,2024-05-07 12:38:57
PO101502,UA629C,2024-10-10 18:51:44,2024-10-10 20:04:21
PO101425,UA682H,2024-09-23 18:35:56,2024-09-23 19:59:00
PO102202,UA461D,24/02/2025 13:16,2025-02-24 14:09:30
PO101456,UA733C,2024-09-30 08:55:44,2024-09-30 10:02:17
PO103239,UA624D,2025-09-20 20:50:49,2025-09-20 21:58:27
PO102794,UA619G,2025-06-21 15:13:49,2025-06-21 15:58:06
PO103232,UA518E,18/09/2025 13:30,2025-09-18 14:23:05
PO100022,UA660D,2024-01-04 12:49:21,2024-01-04 13:45:18
PO102880,UA316A,2025-07-09 14:36:22,2025-07-09 15:54:31
PO101948,UA667H,2025-01-04 09:08:54,2025-01-04 10:00:10
PO100592,UA238A,2024-04-16 17:31:27,2024-04-16 18:52:31
PO103408,UA905D,2025-10-23 16:18:49,2025-10-23 16:54:49
PO102726,UA743H,2025-06-06 20:23:15,2025-06-06 21:25:25
PO101803,UA537F,2024-12-10 08:59:33,2024-12-10 10:06:34
PO102194,UA129C,2025-02-21 10:22:56,2025-02-21 11:50:05
PO101533,UA378F,2024-10-16 19:39:33,2024-10-16 20:17:27
PO101172,UA114G,2024-08-02 11:05:09,2024-08-02 11:56:46
PO101337,UA459A,2024-09-09 12:38:51,2024-09-09 14:03:57
PO102565,UA663C,08/05/2025 14:26,2025-05-08 15:26:09
PO102575,UA985H,2025-05-09 13:40:23,2025-05-09 14:34:22
PO103585,UA787D,2025-12-02 14:13:06,2025-12-02 15:00:46
PO101794,UA631E,2024-12-09 16:27:18,2024-12-09 17:18:45
PO102402,UA321A,2025-04-07 10:32:40,2025-04-07 11:53:18
PO100968,UA442D,2024-06-24 14:44:57,2024-06-24 15:54:25
PO102812,UA330E,2025-06-25 21:25:34,2025-06-25 22:37:20
PO100319,UA616E,2024-02-26 14:39:49,2024-02-26 15:27:21
PO101563,UA460H,2024-10-24 17:33:28,2024-10-24 18:57:01
PO102690,UA835E,2025-05-31 07:11:37,2025-05-31 08:03:19
PO103169,UA131E,2025-09-05 13:39:56,2025-09-05 14:41:18
PO103342,UA862B,2025-10-11 16:15:46,2025-10-11 17:01:07
PO103197,UA221B,2025-09-11 21:44:39,2025-09-11 22:44:37
PO102511,UA795C,2025-04-28 08:55:49,2025-04-28 10:03:25
PO103255,UA746H,2025-09-23 14:31:32,2025-09-23 15:42:48
PO103155,UA586F,2025-09-03 16:41:39,2025-09-03 17:21:12
PO102953,UA551F,2025-07-22 17:08:01,2025-07-22 18:05:30
PO103085,UA716H,2025-08-18 12:54:54,2025-08-18 13:53:23
PO102772,UA675B,2025-06-17 15:06:15,2025-06-17 16:14:43
PO102681,UA420D,2025-05-30 14:38:58,2025-05-30 15:28:50
PO103426,UA727C,2025-10-28 18:07:50,2025-10-28 18:51:16
PO100712,UA839C,2024-05-06 15:36:02,2024-05-06 16:35:04
PO103461,UA791H,2025-11-01 16:44:04,2025-11-01 17:22:37
PO102506,UA991H,2025-04-28 20:44:56,2025-04-28 21:38:22
PO101657,UA704B,2024-11-11 11:47:33,2024-11-11 13:03:35
PO102524,UA933D,2025-04-30 12:33:45,2025-04-30 13:23:32
PO101395,UA700E,2024-09-19 15:31:06,2024-09-19 16:35:55
PO101736,UA718A,2024-11-25 13:40:50,2024-11-25 14:20:14
PO103641,UA332F,2025-12-12 14:00:59,2025-12-12 15:07:38
PO102231,UA362H,2025-03-03 12:40:06,2025-03-03 13:39:26
PO102456,UA880E,2025-04-17 06:46:49,2025-04-17 07:30:01
PO102599,UA133F,2025-05-15 07:58:59,2025-05-15 08:52:24
PO102150,UA967E,2025-02-12 16:00:30,2025-02-12 16:29:46
PO101807,UA562G,2024-12-11 20:05:50,2024-12-11 20:52:16
PO100959,UA392E,2024-06-21 22:18:04,2024-06-21 22:49:51
PO101350,UA435F,2024-09-10 12:48:49,2024-09-10 13:26:39
PO102809,UA652H,2025-06-24 07:48:48,2025-06-24 08:43:13
PO102963,UA588F,2025-07-24 14:31:54,2025-07-24 15:29:35
PO100251,UA473B,2024-02-14 09:26:30,2024-02-14 10:31:50
PO102134,UA493E,2025-02-08 17:00:11,2025-02-08 17:59:51
PO102083,UA685A,2025-01-29 12:22:48,2025-01-29 13:44:09
PO102641,UA939G,2025-05-22 04:17:12,2025-05-22 14:56:58
PO103301,UA880F,2025-10-01 14:49:50,2025-10-01 15:16:17
PO100193,UA243F,2024-02-05 14:51:45,2024-02-05 15:47:13
PO100801,UA496C,2024-05-22 21:56:37,2024-05-22 22:27:13
PO102799,UA283H,,2025-06-23 16:20:36
PO100941,UA987D,2024-06-17 22:08:21,2024-06-17 22:57:57
PO102290,UA597B,2025-03-14 12:24:48,2025-03-14 13:17:42
PO102242,UA484B,2025-03-05 14:26:46,2025-03-05 15:08:37
PO102166,UA537B,2025-02-14 14:59:40,2025-02-14 15:59:55
PO101209,UA794B,2024-08-12 16:28:31,2024-08-12 17:31:02
PO100112,UA337G,2024-01-23 21:48:34,2024-01-23 22:10:47
PO101903,UA617C,2024-12-26 08:03:32,2024-12-26 09:12:11
PO102976,UA673A,2025-07-28 07:52:50,2025-07-28 08:43:23
PO102826,UA695F,,2025-06-28 14:24:25
PO102896,UA603A,2025-07-11 08:01:55,2025-07-11 08:58:08
PO103200,UA663C,2025-09-12 13:51:50,2025-09-12 14:49:57
PO100331,UA126A,2024-02-27 13:41:50,2024-02-27 14:35:42
PO102673,UA195A,2025-05-29 16:12:12,2025-05-29 16:58:57
PO102664,UA341B,2025-05-28 16:13:37,2025-05-28 17:16:23
PO100227,UA733B,2024-02-09 17:40:21,2024-02-09 18:29:10
PO100060,UA786C,2024-01-12 16:53:18,2024-01-12 17:49:02
PO101366,UA248H,2024-09-12 10:52:18,2024-09-12 11:35:46
PO100912,UA437E,2024-06-12 12:52:30,2024-06-12 13:35:15
PO101304,UA594A,2024-09-02 15:25:06,2024-09-02 16:46:38
PO103567,UA312C,2025-11-25 16:32:53,2025-11-25 17:51:47
PO101328,UA497F,2024-09-05 16:17:24,2024-09-05 17:05:00
PO100909,UA481C,2024-06-11 20:53:10,2024-06-11 21:56:19
PO101327,UA134H,2024-09-05 11:34:22,2024-09-05 12:52:50
PO103481,UA109H,2025-11-05 06:54:12,2025-11-05 08:28:26
PO100786,UA890E,2024-05-20 19:03:56,2024-05-20 19:42:06
PO102821,UA423G,2025-06-27 15:00:27,2025-06-27 15:28:01
PO101178,UA949H,2024-08-05 15:19:04,2024-08-05 16:05:56
PO100500,UA756D,,2024-03-29 14:42:55
PO103028,UA666A,2025-08-05 06:27:45,2025-08-05 11:48:33
PO101942,UA414F,2025-01-03 12:15:20,2025-01-03 13:05:31
PO102497,UA629H,2025-04-25 21:16:17,2025-04-25 22:13:42
PO103270,UA788G,2025-09-25 17:25:43,2025-09-25 18:24:24
PO101214,UA580F,2024-08-12 08:29:39,2024-08-12 09:43:09
PO100578,UA935E,2024-04-13 08:47:16,2024-04-13 09:32:28
PO100459,UA123C,2024-03-21 06:05:19,2024-03-21 06:40:09
PO101157,UA130H,2024-07-31 14:11:56,2024-07-31 15:00:02
PO100982,UA802G,2024-06-27 12:50:04,2024-06-27 13:56:41
PO100870,UA534D,2024-06-04 19:44:51,2024-06-04 20:21:54
PO100624,UA713H,2024-04-22 16:37:13,2024-04-22 17:41:01
PO100868,UA932D,2024-06-04 09:18:16,2024-06-04 10:16:45
PO103238,UA466A,2025-09-19 12:02:13,2025-09-19 13:00:36
PO103487,UA835C,2025-11-07 13:05:47,2025-11-07 14:07:39
PO103291,UA367C,2025-09-30 12:10:53,2025-09-30 12:38:17
PO102669,UA359E,2025-05-28 15:45:52,2025-05-28 16:42:28
PO100916,UA642A,2024-06-12 12:10:52,2024-06-12 12:56:26
PO102759,UA204B,2025-06-13 15:42:42,2025-06-13 16:15:23
PO103163,UA348A,2025-09-04 16:51:50,2025-09-04 17:52:24
PO103210,UA540C,2025-09-14 10:32:36,2025-09-14 11:55:24
PO102611,UA856H,2025-05-16 19:22:54,2025-05-16 20:10:25
PO101444,UA652C,2024-09-26 13:14:45,2024-09-26 14:53:31
PO100470,UA486G,2024-03-23 16:18:24,2024-03-23 16:47:53
PO101053,UA908B,2024-07-11 18:41:29,2024-07-11 19:29:21
PO101084,UA470G,2024-07-19 14:05:37,2024-07-19 15:15:12
PO102133,UA201B,2025-02-08 11:13:34,2025-02-08 11:49:14
PO102314,UA542D,2025-03-19 15:45:15,2025-03-19 16:37:03
PO100326,UA276D,2024-02-27 17:14:55,2024-02-27 18:20:45
PO101626,UA447H,2024-11-06 16:43:52,2024-11-06 17:27:52
PO100372,UA890A,2024-03-06 13:34:59,2024-03-06 14:05:09
PO100151,UA826B,30/01/2024 10:19,2024-01-30 10:52:17
PO102988,UA292A,2025-07-29 14:28:24,2025-07-29 15:32:38
PO103469,UA621G,2025-11-04 15:44:02,2025-11-04 16:30:28
PO102113,UA503D,2025-02-05 12:15:12,2025-02-05 13:23:27
PO102800,UA147D,,2025-06-23 09:57:05
PO102464,UA552C,2025-04-18 20:56:03,2025-04-18 21:36:25
PO100884,UA770E,2024-06-07 18:02:53,2024-06-07 19:02:50
PO102822,UA654A,2025-06-27 14:05:57,2025-06-27 15:03:37
PO103146,UA245C,2025-08-30 15:14:57,2025-08-30 16:17:05
PO100169,UA974C,2024-02-01 17:13:25,2024-02-01 18:14:25
PO101501,UA390F,2024-10-10 11:38:25,2024-10-10 12:34:18
PO102278,UA586G,2025-03-13 07:33:20,2025-03-13 08:25:25
PO101549,UA597C,2024-10-22 15:11:35,2024-10-22 16:28:29
PO101819,UA224E,2024-12-12 15:19:28,2024-12-12 16:13:36
PO103204,UA663H,2025-09-12 10:57:22,2025-09-12 11:40:43
PO101391,UA345B,2024-09-18 14:48:10,2024-09-18 15:47:50
PO101616,UA364B,2024-11-04 15:24:49,2024-11-04 16:19:45
PO100245,UA444G,2024-02-13 15:42:23,2024-02-13 16:30:02
PO101074,UA613D,2024-07-17 08:19:30,2024-07-17 09:19:40
PO101241,UA135F,2024-08-19 10:31:52,2024-08-19 11:35:15
PO101156,UA148B,2024-07-31 20:58:42,2024-07-31 21:35:09
PO102001,UA311B,2025-01-14 16:58:19,2025-01-14 17:35:18
PO101042,UA806H,2024-07-10 10:54:10,2024-07-10 11:44:10
PO100839,UA508B,2024-05-29 12:59:41,2024-05-29 14:16:02
PO103284,UA396A,2025-09-29 08:00:51,2025-09-29 08:30:34
PO103559,UA471B,2025-11-24 10:58:53,2025-11-24 12:16:55
PO100742,UA501A,2024-05-13 13:40:43,2024-05-13 14:47:58
PO101844,UA527D,2024-12-16 13:20:08,2024-12-16 14:23:44
PO100825,UA318A,2024-05-28 15:44:53,2024-05-28 16:47:53
PO100438,UA293E,2024-03-18 08:05:41,2024-03-18 08:49:19
PO101504,UA649B,2024-10-10 13:13:49,2024-10-10 13:44:04
PO100288,UA143H,2024-02-20 13:09:53,2024-02-20 13:49:59
PO101673,UA574A,2024-11-14 13:28:02,2024-11-14 14:06:52
PO102513,UA955H,2025-04-29 17:41:34,2025-04-29 18:31:29
PO100446,UA719A,2024-03-19 12:42:19,2024-03-19 13:22:46
PO103251,UA748B,2025-09-23 12:41:38,2025-09-23 13:55:41
PO100031,UA752B,2024-01-07 18:21:00,2024-01-07 18:52:31
PO100217,UA887E,2024-02-09 13:24:37,2024-02-09 14:11:04
PO101562,UA546G,2024-10-24 18:31:59,2024-10-24 19:37:00
PO103601,UA563G,2025-12-04 17:22:14,2025-12-04 18:45:50
PO101205,UA429D,2024-08-09 17:05:12,2024-08-09 17:55:27
PO100533,UA960B,2024-04-03 19:53:14,2024-04-03 20:29:59
PO103372,UA155D,2025-10-16 10:41:02,2025-10-16 11:34:19
PO100425,UA634D,2024-03-15 12:19:49,2024-03-15 13:04:31
PO103227,UA626H,2025-09-17 18:15:35,2025-09-17 19:22:18
PO101685,UA794H,2024-11-15 15:55:04,2024-11-15 16:35:34
PO100850,UA133E,2024-05-31 12:51:00,2024-05-31 13:53:53
PO100071,UA844G,2024-01-16 17:19:17,2024-01-16 17:55:42
PO101298,UA273C,2024-09-02 12:44:10,2024-09-02 13:40:25
PO102004,UA538G,2025-01-15 20:10:04,2025-01-15 21:36:06
PO103690,UA981F,,2025-12-22 18:43:57
PO101854,UA260D,2024-12-17 21:01:17,2024-12-17 21:51:20
PO102580,UA909F,2025-05-12 14:24:17,2025-05-12 15:31:45
PO103442,UA958G,2025-10-30 08:14:33,2025-10-30 09:16:00
PO103121,UA228H,2025-08-25 21:25:51,2025-08-25 22:26:28
PO100165,UA206B,2024-01-31 14:01:01,2024-01-31 15:11:38
PO100350,UA225D,2024-03-01 14:54:31,2024-03-01 15:44:51
PO101082,UA780B,2024-07-18 15:19:15,2024-07-18 16:06:38
PO101318,UA612E,2024-09-04 13:04:54,2024-09-04 13:57:57
PO100821,UA904H,2024-05-27 16:16:03,2024-05-27 17:05:00
PO101090,UA432H,2024-07-20 07:33:39,2024-07-20 08:21:06
PO103450,UA421H,2025-10-31 12:30:40,2025-10-31 13:38:42
PO103623,UA695H,2025-12-09 15:12:26,2025-12-09 16:11:53
PO103570,UA626D,2025-11-26 08:49:33,2025-11-26 09:39:10
PO100322,UA588C,2024-02-26 09:57:36,2024-02-26 10:49:35
PO100195,UA766G,2024-02-06 17:49:54,2024-02-06 18:18:53
PO100211,UA965A,08/02/2024 18:37,2024-02-08 19:20:26
PO102628,UA118B,2025-05-21 11:06:48,2025-05-21 12:09:15
PO100491,UA173C,2024-03-27 09:39:22,2024-03-27 10:26:38
PO103436,UA593C,,2025-10-29 12:46:47
PO102444,UA524G,2025-04-15 07:42:02,2025-04-15 08:24:49
PO101963,UA590D,2025-01-07 10:27:37,2025-01-07 11:18:50
PO100829,UA739H,2024-05-28 15:03:01,2024-05-28 16:07:40
PO100035,UA212E,2024-01-08 10:32:16,2024-01-08 11:08:57
PO102030,UA145H,2025-01-20 13:40:29,2025-01-20 14:48:29
PO102706,UA121A,2025-06-03 08:05:11,2025-06-03 09:04:09
PO102132,UA539C,08/02/2025 15:00,2025-02-08 16:02:14
PO101213,UA520G,2024-08-12 08:01:40,2024-08-12 08:40:01
PO103278,UA693A,2025-09-26 17:07:48,2025-09-26 18:32:10
PO101517,UA539G,2024-10-13 09:00:37,2024-10-13 09:45:39
PO100550,UA567B,2024-04-08 08:17:11,2024-04-08 09:24:45
PO103257,UA944H,2025-09-23 08:48:48,2025-09-23 09:35:25
PO102720,UA362C,2025-06-06 13:07:39,2025-06-06 14:34:32
PO103400,UA911G,2025-10-22 16:42:59,2025-10-22 17:46:26
PO101484,UA845A,2024-10-05 13:47:06,2024-10-05 14:25:23
PO102400,UA883C,2025-04-07 13:35:08,2025-04-07 14:25:11
PO101276,UA961E,2024-08-28 16:03:26,2024-08-28 17:23:57
PO100750,UA699D,2024-05-14 14:25:33,2024-05-14 15:18:44
PO101374,UA892G,2024-09-13 13:52:16,2024-09-13 15:01:24
PO100329,UA362D,2024-02-27 13:06:16,2024-02-27 13:42:15
PO103346,UA429F,2025-10-11 15:58:52,2025-10-11 16:53:59
PO102625,UA582H,2025-05-20 15:21:20,2025-05-20 16:12:55
PO100529,UA906B,2024-04-04 00:41:17,2024-04-04 01:19:07
PO103463,UA976C,2025-11-02 15:37:57,2025-11-02 16:47:47
PO102206,UA806G,2025-02-25 17:42:47,2025-02-25 18:47:35
PO101254,UA975F,2024-08-21 20:53:33,2024-08-21 21:36:21
PO101669,UA645H,2024-11-13 13:23:00,2024-11-13 14:26:12
PO102449,UA474D,2025-04-16 15:04:52,2025-04-16 16:30:00
PO100972,UA964B,2024-06-25 18:58:22,2024-06-25 20:10:06
PO101070,UA778H,2024-07-16 10:01:03,2024-07-16 11:14:28
PO102423,UA303C,2025-04-11 14:20:03,2025-04-11 15:10:02
PO102190,UA118H,2025-02-20 15:29:22,2025-02-20 16:03:30
PO103350,UA770H,2025-10-13 16:23:55,2025-10-13 17:14:03
PO100198,UA249H,2024-02-06 19:58:07,2024-02-06 20:44:50
PO103596,UA664F,2025-12-03 20:16:17,2025-12-03 21:11:43
PO102602,UA861B,2025-05-15 07:43:16,2025-05-15 08:23:43
PO103683,UA866E,2025-12-18 18:29:17,2025-12-18 19:17:50
PO103344,UA207F,2025-10-11 15:06:44,2025-10-11 16:15:43
PO103569,UA258E,2025-11-26 08:04:07,2025-11-26 08:35:25
PO101598,UA138D,,2024-10-31 14:35:35
PO103705,UA513F,2025-12-25 12:10:39,2025-12-25 13:34:40
PO100923,UA877C,2024-06-13 18:04:44,2024-06-13 19:01:26
PO102385,UA839H,2025-04-03 16:54:15,2025-04-03 18:05:30
PO100323,UA586C,2024-02-26 13:31:33,2024-02-26 14:38:44
PO103105,UA203E,2025-08-21 16:09:03,2025-08-21 17:15:34
PO103153,UA382E,2025-09-03 09:13:04,2025-09-03 10:06:16
PO102066,UA525D,2025-01-25 18:18:37,2025-01-25 19:25:14
PO100318,UA772C,2024-02-26 14:51:13,2024-02-26 16:08:31
PO101861,UA905E,2024-12-17 15:46:44,2024-12-17 16:49:58
PO103634,UA285A,2025-12-10 16:44:49,2025-12-10 17:48:36
PO102119,UA815B,2025-02-05 12:22:34,2025-02-05 12:52:51
PO101483,UA887C,2024-10-04 11:54:02,2024-10-04 12:52:28
PO102046,UA446E,2025-01-22 13:46:55,2025-01-22 14:37:41
PO100389,UA810G,2024-03-08 08:26:11,2024-03-08 09:14:06
PO102792,UA661E,2025-06-21 18:31:46,2025-06-21 19:32:11
PO102173,UA950B,15/02/2025 09:01,2025-02-15 10:01:40
PO103256,UA911A,2025-09-23 15:43:49,2025-09-23 16:43:24
PO102281,UA781G,2025-03-13 12:32:29,2025-03-13 13:50:39
PO102312,UA726F,2025-03-19 18:07:38,2025-03-19 19:17:29
PO101757,UA670F,2024-11-29 17:24:52,2024-11-29 18:30:36
PO101612,UA180G,2024-11-01 16:40:42,2024-11-01 17:47:50
PO101377,UA442A,,2024-09-14 13:39:07
PO100267,UA283E,2024-02-16 11:19:38,2024-02-16 11:53:54
PO102912,UA544H,2025-07-15 18:07:33,2025-07-15 19:05:57
PO103692,UA619A,2025-12-23 12:07:31,2025-12-23 12:53:26
PO102130,UA654C,2025-02-08 20:55:32,2025-02-08 22:14:02
PO101545,UA645A,2024-10-18 16:24:50,2024-10-18 17:15:36
PO103403,UA847A,2025-10-22 08:55:13,2025-10-22 09:59:37
PO100155,UA877H,2024-01-30 17:58:21,2024-01-30 18:44:10
PO102789,UA613F,2025-06-20 18:15:30,2025-06-20 19:51:00
PO102226,UA105G,2025-02-28 20:34:53,2025-02-28 21:35:16
PO101183,UA560H,2024-08-06 18:40:37,2024-08-06 19:25:00
PO101028,UA436D,2024-07-05 11:03:16,2024-07-05 12:13:45
PO103044,UA929E,2025-08-08 17:59:53,2025-08-08 19:00:37
PO101994,UA183C,2025-01-13 12:05:07,2025-01-13 12:55:33
PO100103,UA140H,2024-01-22 13:16:13,2024-01-22 13:44:12
PO102553,UA875B,2025-05-06 11:59:11,2025-05-06 13:19:59
PO100448,UA299H,2024-03-19 15:55:21,2024-03-19 16:46:56
PO103078,UA286A,2025-08-15 13:44:45,2025-08-15 15:05:58
PO103421,UA671C,2025-10-27 07:18:31,2025-10-27 07:53:29
PO102299,UA230G,2025-03-17 17:02:45,2025-03-17 17:46:29
PO100028,UA706D,2024-01-05 15:03:59,2024-01-05 16:06:45
PO102055,UA936H,2025-01-23 13:23:21,2025-01-23 14:11:00
PO103480,UA262E,2025-11-05 07:42:17,2025-11-05 08:44:54
PO103667,UA281G,2025-12-16 13:51:13,2025-12-16 14:47:23
PO102124,UA873H,2025-02-06 20:55:16,2025-02-06 21:53:08
PO103076,UA291C,2025-08-15 14:41:33,2025-08-15 15:48:56
PO103561,UA767E,2025-11-25 17:42:42,2025-11-25 18:32:51
PO103185,UA758A,2025-09-09 10:15:02,2025-09-09 11:17:43
PO100661,UA497C,2024-04-26 17:43:13,2024-04-26 18:26:18
PO102346,UA190B,2025-03-25 13:01:01,2025-03-25 13:37:55
PO100378,UA921D,2024-03-06 21:09:05,2024-03-06 22:05:54
PO101635,UA381E,2024-11-07 14:51:11,2024-11-07 16:08:30
PO101827,UA836H,2024-12-13 09:44:21,2024-12-13 10:40:14
PO100563,UA145H,2024-04-11 19:02:49,2024-04-11 19:53:03
PO100405,UA397C,2024-03-12 13:46:34,2024-03-12 15:02:23
PO102684,UA764H,2025-05-30 17:56:12,2025-05-30 18:28:55
PO102121,UA770B,2025-02-06 06:59:42,2025-02-06 07:54:31
PO101799,UA470F,2024-12-10 16:04:51,2024-12-10 17:17:12
PO103024,UA605F,2025-08-05 09:36:30,2025-08-05 10:29:01
PO101727,UA721D,2024-11-25 15:30:41,2024-11-25 16:38:02
PO101912,UA497C,2024-12-28 10:04:31,2024-12-28 10:55:10
PO102619,UA580H,2025-05-19 17:36:29,2025-05-19 18:45:55
PO100692,UA766C,2024-05-02 15:41:48,2024-05-02 16:34:12
PO103543,UA356C,2025-11-21 16:46:12,2025-11-21 17:30:19
PO101021,UA806E,2024-07-04 14:56:43,2024-07-04 15:47:38
PO103027,UA323H,2025-08-05 08:24:55,2025-08-05 09:52:38
PO103665,UA871E,2025-12-16 14:35:06,2025-12-16 15:36:27
PO101128,UA769E,2024-07-27 11:45:47,2024-07-27 12:26:37
PO102104,UA565G,2025-01-31 11:52:44,2025-01-31 12:42:21
PO102192,UA967A,2025-02-21 17:32:47,2025-02-21 18:01:37
PO102992,UA491C,2025-07-30 08:44:43,2025-07-30 09:42:01
PO102469,UA867E,2025-04-19 17:18:35,2025-04-19 18:40:31
PO103312,UA203C,2025-10-03 07:14:16,2025-10-03 07:58:06
PO103507,UA117B,2025-11-12 11:24:54,2025-11-12 12:37:38
PO103398,UA924E,2025-10-22 18:44:46,2025-10-22 19:24:48
PO102585,UA217H,2025-05-13 12:18:44,2025-05-13 13:19:19
PO102196,UA381E,2025-02-21 10:05:18,2025-02-21 11:12:23
PO102541,UA301F,2025-05-02 08:33:20,2025-05-02 09:29:15
PO101516,UA162G,2024-10-12 12:22:10,2024-10-12 13:14:55
PO103497,UA886H,2025-11-10 10:38:35,2025-11-10 11:38:26
PO102262,UA127H,2025-03-11 22:45:13,2025-03-11 23:47:32
PO100702,UA106G,2024-05-04 16:34:08,2024-05-04 17:37:42
PO103516,UA272G,2025-11-14 15:47:27,2025-11-14 16:29:51
PO100603,UA413H,2024-04-18 11:03:31,2024-04-18 12:13:05
PO100141,UA158A,2024-01-27 17:43:13,2024-01-27 18:27:47
PO100399,UA613H,2024-03-11 17:58:58,2024-03-11 18:42:06
PO100223,UA445H,2024-02-09 16:18:20,2024-02-09 16:53:03
PO100303,UA910H,2024-02-22 10:16:42,2024-02-22 11:26:41
PO100088,UA423E,2024-01-18 10:48:29,2024-01-18 11:30:41
PO100819,UA175B,2024-05-27 12:45:17,2024-05-27 13:57:33
PO100842,UA442E,2024-05-29 17:49:02,2024-05-29 18:33:00
PO100077,UA769C,2024-01-16 20:36:15,2024-01-16 21:35:48
PO101639,UA482E,2024-11-08 11:15:15,2024-11-08 12:10:11
PO102318,UA366E,2025-03-20 10:15:12,2025-03-20 22:11:40
PO101797,UA871H,2024-12-09 20:28:00,2024-12-09 21:11:47
PO102747,UA119H,2025-06-11 12:13:54,2025-06-11 13:05:56
PO102786,UA784A,2025-06-19 21:58:52,2025-06-19 22:38:50
PO102164,UA306G,2025-02-14 18:22:03,2025-02-14 19:19:39
PO102637,UA562D,2025-05-22 13:41:12,2025-05-22 14:49:50
PO101353,UA294E,11/09/2024 18:49,2024-09-11 19:47:37
PO100871,UA541A,2024-06-04 10:10:55,2024-06-04 10:47:56
PO102735,UA222A,2025-06-07 19:00:33,2025-06-07 20:08:40
PO101454,UA869H,2024-09-29 10:18:22,2024-09-29 11:01:22
PO101704,UA667H,2024-11-20 12:38:09,2024-11-20 13:24:38
PO102377,UA623B,2025-04-02 06:10:28,2025-04-02 15:53:05
PO102371,UA623F,2025-04-01 07:38:22,2025-04-01 08:31:02
PO101477,UA222H,2024-10-02 14:44:41,2024-10-02 16:02:33
PO100212,UA804F,2024-02-08 17:15:14,2024-02-08 18:20:30
PO103199,UA919D,2025-09-12 16:41:59,2025-09-12 17:52:02
PO102172,UA349A,2025-02-15 14:31:37,2025-02-15 15:48:57
PO101490,UA308H,2024-10-08 09:27:40,2024-10-08 10:25:54
PO102586,UA240H,2025-05-13 12:06:15,2025-05-13 13:20:52
PO101236,UA750H,2024-08-17 15:03:02,2024-08-17 15:52:27
PO100812,UA750H,2024-05-25 19:57:33,2024-05-25 20:55:28
PO103165,UA168H,2025-09-04 15:28:51,2025-09-04 16:17:26
PO101466,UA505E,2024-09-30 22:41:18,2024-09-30 23:52:07
PO100266,UA736H,2024-02-16 14:59:22,2024-02-16 15:49:06
PO101313,UA688B,2024-09-03 12:57:44,2024-09-03 13:48:37
PO102311,UA780F,2025-03-19 11:02:59,2025-03-19 11:58:10
PO101478,UA851D,2024-10-02 19:34:41,2024-10-02 20:30:45
PO100158,UA332D,2024-01-30 07:28:06,2024-01-30 08:23:21
PO100530,UA568G,2024-04-03 15:30:19,2024-04-03 16:43:08
PO101652,UA154G,2024-11-11 08:31:44,2024-11-11 09:32:23
PO102945,UA376B,2025-07-21 13:27:43,2025-07-21 14:16:22
PO103622,UA362E,2025-12-08 14:22:05,2025-12-08 15:26:25
PO103063,UA701E,2025-08-13 08:31:08,2025-08-13 09:07:49
PO100059,UA316D,2024-01-12 12:45:47,2024-01-12 13:27:56
PO100694,UA704C,2024-05-03 07:37:55,2024-05-03 08:48:42
PO102484,UA147A,2025-04-23 13:28:51,2025-04-23 13:56:23
PO100229,UA341G,2024-02-09 08:47:51,2024-02-09 10:07:52
PO102519,UA477G,2025-04-30 21:26:48,2025-04-30 22:53:43
PO101118,UA888B,2024-07-25 10:50:02,2024-07-25 11:34:42
PO103128,UA493C,2025-08-26 11:09:44,2025-08-26 11:44:26
PO101708,UA569H,2024-11-20 10:18:39,2024-11-20 11:11:08
PO102952,UA650G,2025-07-22 11:31:09,2025-07-22 12:27:11
PO102425,UA593C,2025-04-11 14:44:37,2025-04-11 15:35:19
PO101037,UA720A,2024-07-09 16:37:06,2024-07-09 17:47:20
PO102257,UA905E,2025-03-10 10:49:47,2025-03-10 11:59:09
PO103534,UA867F,2025-11-20 13:43:22,2025-11-20 14:30:07
PO103134,UA383D,2025-08-27 07:50:00,2025-08-27 09:15:45
PO100594,UA853G,2024-04-17 10:00:04,2024-04-17 10:49:29
PO101274,UA138C,2024-08-27 05:46:06,2024-08-27 07:12:40
PO103615,UA328G,2025-12-08 08:37:49,2025-12-08 09:56:44
PO100038,UA406C,2024-01-08 12:20:59,2024-01-08 13:06:02
PO102431,UA505B,2025-04-14 10:07:16,2025-04-14 11:22:36
PO103203,UA894G,2025-09-12 22:50:10,2025-09-12 23:41:34
PO103711,UA231B,2025-12-26 17:13:29,2025-12-26 18:21:43
PO100584,UA598D,2024-04-15 17:16:38,2024-04-15 18:15:12
PO103337,UA241C,2025-10-09 18:49:08,2025-10-09 19:28:41
PO100264,UA200A,2024-02-16 11:54:30,2024-02-16 12:42:44
PO102259,UA378H,2025-03-10 20:57:33,2025-03-10 21:40:12
PO102107,UA359H,2025-02-03 07:13:29,2025-02-03 08:09:14
PO102422,UA363H,2025-04-11 21:36:02,2025-04-11 22:13:00
PO102972,UA650A,2025-07-26 11:04:25,2025-07-26 11:58:18
PO102626,UA326B,2025-05-20 17:44:20,2025-05-20 18:18:07
PO100247,UA212B,2024-02-14 12:44:00,2024-02-14 13:48:45
PO103605,UA367H,2025-12-05 12:15:20,2025-12-05 13:19:59
PO100534,UA494B,2024-04-04 17:33:50,2024-04-04 18:33:11
PO102652,UA787D,2025-05-26 08:11:12,2025-05-26 08:49:50
PO101424,UA888F,2024-09-23 18:05:05,2024-09-23 19:03:33
PO102514,UA582H,2025-04-29 08:14:43,2025-04-29 09:21:09
PO103170,UA273A,2025-09-05 08:58:05,2025-09-05 10:00:29
PO102424,UA886B,2025-04-11 16:25:36,2025-04-11 17:17:54
PO102048,UA857F,2025-01-23 16:22:35,2025-01-23 17:18:02
PO101294,UA250E,2024-08-31 11:22:35,2024-08-31 12:11:54
PO102908,UA570H,2025-07-14 14:36:34,2025-07-14 15:31:28
PO101032,UA925C,2024-07-07 08:57:38,2024-07-07 10:13:59
PO101245,UA739B,2024-08-20 20:13:49,2024-08-20 21:16:50
PO101002,UA313G,2024-07-01 10:10:06,2024-07-01 10:42:26
PO102858,UA632A,2025-07-05 15:59:18,2025-07-05 17:02:33
PO100943,UA181B,2024-06-18 14:12:30,2024-06-18 15:12:49
PO102407,UA124F,2025-04-08 07:17:01,2025-04-08 08:11:13
PO101106,UA888A,2024-07-23 15:31:33,2024-07-23 16:21:00
PO102209,UA546A,2025-02-25 11:02:14,2025-02-25 12:07:43
PO101047,UA969A,2024-07-10 12:58:43,2024-07-10 14:09:57
PO103033,UA865C,2025-08-05 21:20:06,2025-08-05 22:14:11
PO102003,UA538F,2025-01-14 17:13:53,2025-01-14 18:06:21
PO101189,UA251G,2024-08-07 21:34:47,2024-08-07 21:55:51
PO101131,UA380A,2024-07-28 22:18:36,2024-07-28 23:26:50
PO101234,UA853F,2024-08-17 08:34:12,2024-08-17 09:52:29
PO101622,UA982D,2024-11-05 22:25:08,2024-11-05 23:05:46
PO102970,UA129C,2025-07-26 13:28:25,2025-07-26 14:11:05
PO102536,UA903B,2025-05-02 09:26:42,2025-05-02 10:23:27
PO102796,UA664H,2025-06-23 07:09:37,2025-06-23 08:14:44
PO101380,UA140A,2024-09-16 13:48:32,2024-09-16 14:40:35
PO100189,UA438A,2024-02-03 18:03:06,2024-02-03 19:11:41
PO101578,UA778E,2024-10-27 09:32:27,2024-10-27 10:15:57
PO101114,UA203C,2024-07-24 15:44:58,2024-07-24 16:32:29
PO100698,UA984D,2024-05-03 20:19:20,2024-05-03 21:32:48
PO101503,UA470B,2024-10-10 10:11:21,2024-10-10 10:35:21
PO103013,UA213F,2025-08-04 16:01:00,2025-08-04 16:52:29
PO103591,UA253B,2025-12-03 11:20:45,2025-12-03 12:32:15
PO102439,UA651G,,2025-04-14 22:33:00
PO101049,UA299G,2024-07-10 18:22:32,2024-07-10 18:51:36
PO103325,UA392G,2025-10-06 09:36:40,2025-10-06 10:19:18
PO101971,UA341F,2025-01-08 18:23:24,2025-01-08 19:42:17
PO103707,UA367B,2025-12-25 20:53:38,2025-12-25 22:23:12
PO100598,UA729A,2024-04-17 07:32:28,2024-04-17 08:56:13
PO100881,UA598B,2024-06-06 20:58:17,2024-06-06 22:04:32
PO100494,UA284A,2024-03-28 14:05:24,2024-03-28 14:37:02
PO103339,UA765F,2025-10-09 14:29:37,2025-10-09 15:21:17
PO101821,UA276G,2024-12-12 13:57:59,2024-12-12 15:07:00
PO101372,UA623A,2024-09-13 07:41:44,2024-09-13 08:29:40
PO102791,UA736E,2025-06-21 18:55:24,2025-06-21 19:43:53
PO100902,UA287F,2024-06-10 09:47:07,2024-06-10 10:36:09
PO103348,UA537B,2025-10-13 11:41:01,2025-10-13 12:54:44
PO102219,UA866D,2025-02-27 12:54:18,2025-02-27 13:58:20
PO103535,UA852F,2025-11-20 16:56:35,2025-11-20 17:50:06
PO101960,UA459E,2025-01-06 07:28:26,2025-01-06 08:25:48
PO100109,UA400C,2024-01-22 11:18:50,2024-01-22 12:02:32
PO102827,UA186F,2025-06-30 15:54:10,2025-06-30 16:47:58
PO103332,UA226D,2025-10-08 17:04:52,2025-10-08 17:40:50
PO101457,UA687D,2024-09-30 12:23:12,2024-09-30 12:55:54
PO102612,UA568D,2025-05-16 21:20:10,2025-05-16 22:11:38
PO101775,UA416F,2024-12-04 19:09:31,2024-12-04 20:07:00
PO100669,UA631A,2024-04-29 08:47:11,2024-04-29 09:51:18
PO103272,UA819H,2025-09-26 14:12:27,2025-09-26 15:05:05
PO101755,UA871C,2024-11-29 10:29:16,2024-11-29 11:32:05
PO103062,UA929E,2025-08-12 17:14:14,2025-08-12 18:21:35
PO102915,UA502A,2025-07-15 21:59:39,2025-07-15 22:48:30
PO100270,UA511D,2024-02-17 11:28:17,2024-02-17 12:34:23
PO100726,UA801G,2024-05-09 13:49:22,2024-05-09 15:12:30
PO103595,UA288A,2025-12-03 12:25:53,2025-12-03 13:40:58
PO101228,UA597G,2024-08-16 16:17:27,2024-08-16 17:37:31
PO102368,UA989B,2025-04-01 13:51:02,2025-04-01 14:31:22
PO101355,UA848C,2024-09-11 13:17:49,2024-09-11 14:11:58
PO100990,UA105F,2024-06-28 17:35:04,2024-06-28 18:34:11
PO101709,UA728H,2024-11-21 14:02:12,2024-11-21 15:02:13
PO101606,UA472B,2024-11-01 15:48:34,2024-11-01 16:42:32
PO101045,UA398H,2024-07-10 11:35:42,2024-07-10 12:42:04
PO102757,UA343G,2025-06-13 09:45:40,2025-06-13 10:34:35
PO101834,UA579C,2024-12-14 12:46:56,2024-12-14 13:31:58
PO101012,UA792G,2024-07-03 08:27:59,2024-07-03 09:27:11
PO103363,UA313C,2025-10-15 11:11:22,2025-10-15 12:42:19
PO101493,UA817G,2024-10-08 11:46:23,2024-10-08 12:17:57
PO100915,UA821B,2024-06-12 13:27:34,2024-06-12 14:15:39
PO103412,UA925C,2025-10-24 14:03:45,2025-10-24 14:48:18
PO101096,UA803B,2024-07-22 12:48:24,2024-07-22 14:04:21
PO103080,UA864A,2025-08-15 17:43:47,2025-08-15 18:59:20
PO103124,UA595B,2025-08-25 14:44:36,2025-08-25 15:27:56
PO101362,UA359C,2024-09-11 15:09:42,2024-09-11 16:14:59
PO102478,UA943D,2025-04-22 15:37:06,2025-04-22 16:38:02
PO103413,UA295C,2025-10-24 08:06:52,2025-10-24 09:14:23
PO101688,UA659G,2024-11-16 15:22:21,2024-11-16 16:07:56
PO103693,UA655G,2025-12-23 16:42:33,2025-12-23 17:23:21
PO103409,UA531B,2025-10-23 20:33:28,2025-10-23 21:24:10
PO101066,UA828E,2024-07-16 19:08:38,2024-07-16 20:25:05
PO100822,UA747H,2024-05-27 10:03:40,2024-05-27 10:57:13
PO101461,UA170D,2024-09-30 17:07:32,2024-09-30 18:06:03
PO102949,UA205C,2025-07-21 11:16:10,2025-07-21 12:00:08
PO100892,UA719E,2024-06-07 18:31:02,2024-06-07 19:36:52
PO102253,UA580G,2025-03-08 17:18:47,2025-03-08 17:52:19
PO100977,UA715E,2024-06-26 15:07:43,2024-06-26 15:50:46
PO101415,UA427G,2024-09-23 08:57:24,2024-09-23 10:14:42
PO102100,UA659C,2025-01-31 15:49:10,2025-01-31 17:01:50
PO100390,UA198B,2024-03-08 11:17:29,2024-03-08 11:46:56
PO102520,UA289C,2025-04-30 16:46:25,2025-04-30 18:14:40
PO102904,UA376D,2025-07-14 16:40:50,2025-07-14 17:32:24
PO102582,UA813A,2025-05-12 21:05:54,2025-05-12 21:51:06
PO100232,UA679G,2024-02-10 14:58:44,2024-02-10 15:45:00
PO101210,UA323C,2024-08-12 21:12:44,2024-08-12 22:06:35
PO102103,UA673E,2025-01-31 12:33:18,2025-01-31 13:23:35
PO102591,UA287F,2025-05-14 11:34:28,2025-05-14 12:44:12
PO101786,UA341B,2024-12-06 12:40:45,2024-12-06 13:38:07
PO101399,UA785G,2024-09-20 17:35:38,2024-09-20 19:03:18
PO100693,UA335C,2024-05-02 07:36:10,2024-05-02 08:36:55
PO103583,UA677C,2025-12-01 11:46:39,2025-12-01 12:47:05
PO102201,UA504B,2025-02-24 18:44:46,2025-02-24 19:31:54
PO100917,UA295D,2024-06-12 12:15:47,2024-06-12 13:18:56
PO103716,UA540F,2025-12-27 14:37:19,2025-12-27 15:48:40
PO101692,UA818F,2024-11-18 16:22:03,2024-11-18 17:19:37
PO102598,UA118D,2025-05-14 09:49:29,2025-05-14 11:12:26
PO102974,UA951B,2025-07-26 14:04:04,2025-07-26 15:07:22
PO101672,UA508E,2024-11-14 05:52:41,2024-11-14 16:58:14
PO100171,UA454A,2024-02-01 11:15:17,2024-02-01 11:52:04
PO100878,UA679B,2024-06-06 13:47:27,2024-06-06 14:48:53
PO101371,UA884E,2024-09-13 13:31:09,2024-09-13 14:32:16
PO101344,UA669B,09/09/2024 06:46,2024-09-09 07:34:03
PO101556,UA586F,2024-10-23 10:01:47,2024-10-23 10:33:59
PO101162,UA982A,2024-08-01 12:36:40,2024-08-01 13:42:11
PO101048,UA555E,2024-07-10 16:20:28,2024-07-10 16:52:03
PO100333,UA245A,2024-02-27 13:10:20,2024-02-27 14:00:57
PO102554,UA845B,2025-05-06 13:54:49,2025-05-06 14:59:45
PO103697,UA631G,2025-12-23 07:35:27,2025-12-23 08:21:36
PO101990,UA985G,2025-01-13 14:47:48,2025-01-13 15:37:17
PO101600,UA901G,2024-10-31 15:09:09,2024-10-31 16:08:08
PO100415,UA967A,2024-03-14 08:44:59,2024-03-14 10:10:21
PO102017,UA918A,2025-01-17 18:48:55,2025-01-17 19:30:14
PO101100,UA520G,2024-07-23 16:21:15,2024-07-23 16:55:55
PO103629,UA290F,2025-12-10 14:51:31,2025-12-10 15:43:03
PO103096,UA535F,2025-08-19 13:43:26,2025-08-19 15:23:36
PO103069,UA858D,2025-08-13 16:56:33,2025-08-13 18:05:09
PO100537,UA603B,2024-04-04 14:49:45,2024-04-04 15:29:51
PO103179,UA858H,2025-09-08 22:11:28,2025-09-08 23:07:47
PO103484,UA124E,2025-11-06 15:10:58,2025-11-06 16:07:22
PO101302,UA971A,2024-09-02 09:40:39,2024-09-02 10:10:36
PO101497,UA330G,2024-10-09 15:14:51,2024-10-09 16:14:36
PO102115,UA600G,2025-02-05 21:34:22,2025-02-05 22:26:36
PO103113,UA278C,2025-08-22 17:01:01,2025-08-22 17:47:10
PO102615,UA739E,2025-05-17 13:15:21,2025-05-17 14:19:09
PO102349,UA371A,2025-03-26 15:40:10,2025-03-26 16:35:17
PO101968,UA481B,2025-01-08 18:31:15,2025-01-08 19:44:46
PO100058,UA308G,2024-01-11 13:59:11,2024-01-11 14:12:01
PO103709,UA155A,2025-12-26 15:44:06,2025-12-26 16:11:54
PO103424,UA459F,2025-10-27 11:04:34,2025-10-27 11:39:02
PO101791,UA190C,2024-12-07 12:33:17,2024-12-07 13:38:33
PO100547,UA966B,2024-04-05 15:48:03,2024-04-05 16:46:07
PO100650,UA374E,2024-04-25 12:09:23,2024-04-25 12:56:01
PO102946,UA844C,2025-07-21 14:42:56,2025-07-21 15:27:03
PO101194,UA473H,2024-08-08 17:53:57,2024-08-08 18:43:25
PO102216,UA862G,2025-02-26 19:11:42,2025-02-26 19:52:04
PO103440,UA585A,2025-10-30 10:31:00,2025-10-30 11:24:01
PO103288,UA517B,2025-09-30 10:33:36,2025-09-30 11:17:38
PO100518,UA206B,2024-04-02 15:06:02,2024-04-02 16:34:29
PO102365,UA237H,2025-04-01 15:34:05,2025-04-01 16:07:11
PO102639,UA994H,2025-05-22 11:41:07,2025-05-22 12:47:24
PO101976,UA961A,2025-01-09 15:05:09,2025-01-09 15:57:48
PO100618,UA776B,2024-04-22 10:05:42,2024-04-22 10:28:00
PO103397,UA497H,2025-10-22 11:22:57,2025-10-22 12:23:05
PO101412,UA235G,2024-09-23 12:01:27,2024-09-23 12:23:14
PO103640,UA269B,2025-12-12 15:36:19,2025-12-12 16:46:18
PO103159,UA321E,2025-09-04 08:14:52,2025-09-04 09:25:29
PO102555,UA605F,2025-05-06 14:14:40,2025-05-06 15:20:18
PO103046,UA255A,2025-08-08 17:54:34,2025-08-08 18:59:44
PO102117,UA827B,2025-02-05 12:02:55,2025-02-05 12:55:12
PO102860,UA833C,2025-07-07 19:04:03,2025-07-07 19:51:19
PO103361,UA696E,2025-10-15 17:07:33,2025-10-15 17:39:21
PO100472,UA557G,2024-03-24 13:45:20,2024-03-24 14:26:59
PO100388,UA772G,2024-03-08 05:58:06,2024-03-08 11:31:13
PO101496,UA632G,2024-10-09 21:26:03,2024-10-09 22:22:01
PO103181,UA641G,2025-09-08 09:38:43,2025-09-08 10:52:59
PO101733,UA803G,2024-11-25 11:24:56,2024-11-25 12:15:17
PO102999,UA932H,2025-07-31 08:53:29,2025-07-31 09:43:07
PO101867,UA981C,2024-12-19 13:30:41,2024-12-19 13:47:36
PO100582,UA542D,2024-04-15 16:23:08,2024-04-15 16:54:36
PO100853,UA270A,2024-06-01 12:42:22,2024-06-01 13:20:57
PO102467,UA541E,2025-04-18 15:04:52,2025-04-18 15:56:24
PO102250,UA864D,2025-03-07 14:31:35,2025-03-07 15:43:49
PO101625,UA960H,2024-11-06 13:14:25,2024-11-06 13:43:48
PO101074,UA613D,2024-07-17 08:19:30,2024-07-17 09:19:40
PO100092,UA494H,2024-01-19 11:55:12,2024-01-19 13:06:04
PO103014,UA606G,04/08/2025 11:17,2025-08-04 12:02:27
PO101151,UA146H,2024-07-30 09:13:35,2024-07-30 19:00:44
PO101686,UA416C,2024-11-15 11:29:32,2024-11-15 12:32:33
PO102429,UA433C,2025-04-14 16:44:14,2025-04-14 17:51:05
PO103649,UA949G,2025-12-14 15:30:21,2025-12-14 16:08:15
PO101903,UA617C,2024-12-26 08:03:32,2024-12-26 09:12:11
PO103071,UA223E,2025-08-13 07:03:35,2025-08-13 07:45:20
PO102967,UA417G,2025-07-25 11:29:41,2025-07-25 12:48:51
PO103657,UA806D,2025-12-15 09:44:39,2025-12-15 10:42:10
PO103414,UA227H,24/10/2025 11:51,2025-10-24 12:46:28
PO102148,UA181H,2025-02-12 16:10:23,2025-02-12 17:00:47
PO100998,UA470D,2024-06-29 20:02:25,2024-06-29 21:08:10
PO102087,UA359C,2025-01-29 13:53:58,2025-01-29 14:50:52
PO103307,UA597E,2025-10-03 08:29:32,2025-10-03 09:15:57
PO102382,UA640B,2025-04-03 17:02:01,2025-04-03 17:38:46
PO101264,UA428G,2024-08-22 19:47:21,2024-08-22 20:15:48
PO102492,UA422G,2025-04-25 13:04:32,2025-04-25 13:40:49
PO100121,UA391C,2024-01-24 10:33:29,2024-01-24 11:01:30
PO102458,UA736G,2025-04-17 17:07:24,2025-04-17 17:38:00
PO101265,UA291A,2024-08-23 14:52:04,2024-08-23 15:43:26
PO102842,UA314E,2025-07-03 17:32:46,2025-07-03 18:38:53
PO103545,UA656E,2025-11-21 08:55:11,2025-11-21 10:01:51
PO102739,UA997F,2025-06-09 17:01:03,2025-06-09 17:51:34
PO100512,UA266E,2024-04-01 18:03:24,2024-04-01 19:20:41
PO102398,UA995A,07/04/2025 17:13,2025-04-07 18:06:32
PO102436,UA439A,2025-04-14 16:33:14,2025-04-14 17:21:01
PO101738,UA187G,2024-11-25 07:57:09,2024-11-25 08:44:10
PO100374,UA940A,2024-03-06 11:58:41,2024-03-06 13:22:43
PO100357,UA800D,2024-03-01 11:24:55,2024-03-01 12:46:55
PO102642,UA290G,2025-05-22 10:17:00,2025-05-22 11:10:54
PO101232,UA570G,2024-08-16 14:45:55,2024-08-16 15:45:03
PO100711,UA941G,2024-05-06 17:13:43,2024-05-06 18:19:48
PO101163,UA919H,2024-08-01 17:50:11,2024-08-01 18:30:22
PO102332,UA936C,2025-03-24 07:44:28,2025-03-24 08:41:53
PO101744,UA853D,2024-11-26 13:58:18,2024-11-26 14:56:16
PO102171,UA378F,2025-02-15 11:58:41,2025-02-15 12:52:28
PO103006,UA377E,2025-08-01 09:30:42,2025-08-01 10:32:51
PO101009,UA314D,,2024-07-02 11:22:17
PO100872,UA857G,2024-06-04 14:04:51,2024-06-04 14:38:50
PO103659,UA622A,2025-12-15 12:05:43,2025-12-15 13:19:10
PO101511,UA875D,2024-10-11 08:39:35,2024-10-11 09:09:21
PO102341,UA593B,2025-03-24 15:56:41,2025-03-24 16:47:38
PO101680,UA925B,2024-11-15 20:39:11,2024-11-15 21:53:22
PO103594,UA458C,2025-12-03 22:25:10,2025-12-03 23:16:21
PO103739,UA262G,2025-12-31 17:18:20,2025-12-31 18:13:56
PO100340,UA800A,2024-02-28 19:48:28,2024-02-28 20:24:46
PO102856,UA455H,2025-07-05 17:03:40,2025-07-05 18:07:56
PO101853,UA928C,2024-12-17 10:04:40,2024-12-17 10:46:46
PO101408,UA425B,2024-09-21 14:29:23,2024-09-21 15:13:21
PO100210,UA948H,2024-02-08 12:00:10,2024-02-08 13:03:39
PO101132,UA682H,2024-07-29 09:08:06,2024-07-29 10:01:45
PO102958,UA652C,2025-07-24 14:30:08,2025-07-24 15:46:38
PO102932,UA888F,2025-07-17 09:36:27,2025-07-17 10:23:46
PO100004,UA289B,2024-01-01 11:07:44,2024-01-01 12:02:25
PO103274,UA676F,2025-09-26 16:00:12,2025-09-26 17:30:02
PO100001,UA405C,2024-01-01 15:24:49,2024-01-01 16:33:55
PO102551,UA760D,2025-05-05 07:03:17,2025-05-05 08:09:45
PO102761,UA150F,2025-06-13 08:47:30,2025-06-13 09:53:06
PO100637,UA487F,2024-04-23 11:21:31,2024-04-23 12:32:38
PO102361,UA369H,2025-03-29 10:15:28,2025-03-29 11:01:05
PO101492,UA404F,2024-10-08 14:18:59,2024-10-08 15:06:05
PO101365,UA160E,2024-09-12 17:03:24,2024-09-12 17:55:01
PO101987,UA960D,2025-01-13 14:31:56,2025-01-13 15:16:40
PO101436,UA244H,2024-09-25 17:29:06,2024-09-25 18:08:45
PO100991,UA351E,2024-06-28 12:57:55,2024-06-28 13:49:37
PO102288,UA553C,2025-03-14 07:07:53,2025-03-14 07:55:00
PO103003,UA557A,2025-08-01 12:47:29,2025-08-01 13:14:09
PO102674,UA657D,2025-05-29 21:20:55,2025-05-29 22:27:05
PO100457,UA224H,2024-03-21 13:23:04,2024-03-21 14:01:47
PO102723,UA633G,2025-06-06 21:41:15,2025-06-06 22:28:21
PO103547,UA332F,2025-11-21 08:48:03,2025-11-21 09:57:23
PO101956,UA240E,2025-01-06 09:35:11,2025-01-06 10:40:11
PO100026,UA876F,2024-01-04 07:01:09,2024-01-04 07:54:24
PO102247,UA556B,2025-03-06 21:29:02,2025-03-06 22:11:47
PO100348,UA627B,2024-02-29 16:24:26,2024-02-29 17:20:34
PO100387,UA520A,07/03/2024 11:56,2024-03-07 13:22:32
PO101089,UA470D,2024-07-19 16:21:59,2024-07-19 17:52:55
PO102983,UA568C,2025-07-29 15:28:56,2025-07-29 15:34:59
PO101514,UA580H,2024-10-12 10:17:27,2024-10-12 11:12:42
PO100161,UA260E,2024-01-31 15:22:48,2024-01-31 16:06:37
PO102153,UA842E,2025-02-12 18:04:09,2025-02-12 19:00:51
PO100809,UA919C,2024-05-24 14:14:56,2024-05-24 15:05:10
PO102420,UA661C,2025-04-10 09:10:03,2025-04-10 10:25:27
PO103738,UA757H,2025-12-31 20:43:24,2025-12-31 21:28:41
PO101876,UA216B,2024-12-20 14:59:46,2024-12-20 16:06:34
PO100184,UA473B,2024-02-02 13:03:58,2024-02-02 13:30:26
PO102245,UA732F,2025-03-05 12:05:22,2025-03-05 12:51:39
PO102868,UA785E,2025-07-08 18:10:04,2025-07-08 19:17:41
PO102350,UA535A,2025-03-26 15:18:13,2025-03-26 16:22:50
PO103698,UA554B,2025-12-24 10:22:12,2025-12-24 10:55:50
PO102138,UA781E,2025-02-10 13:59:10,2025-02-10 14:59:01
PO102846,UA667A,2025-07-03 14:25:28,2025-07-03 15:12:01
PO101166,UA517B,2024-08-01 09:02:22,2024-08-01 10:06:59
PO101737,UA428C,2024-11-25 15:48:08,2024-11-25 16:19:12
PO101169,UA867H,2024-08-02 22:31:23,2024-08-02 22:58:27
PO102246,UA751B,2025-03-06 12:26:56,2025-03-06 13:32:02
PO100934,UA783B,2024-06-15 15:08:42,2024-06-15 16:15:45
PO101033,UA942D,2024-07-08 22:30:44,2024-07-08 23:17:13
PO102965,UA230C,2025-07-24 15:09:06,2025-07-24 16:00:31
PO100023,UA645D,2024-01-04 09:23:03,2024-01-04 10:20:49
PO102276,UA799F,2025-03-13 15:45:05,2025-03-13 16:29:41
PO101647,UA757G,2024-11-11 08:22:55,2024-11-11 09:10:17
PO103068,UA420H,2025-08-13 16:48:57,2025-08-13 17:40:16
PO103637,UA114H,2025-12-11 20:01:07,2025-12-11 21:04:00
PO100135,UA537D,2024-01-26 09:08:12,2024-01-26 10:21:32
PO102919,UA426H,2025-07-16 10:50:08,2025-07-16 11:36:52
PO103423,UA468E,2025-10-27 16:17:10,2025-10-27 17:13:19
PO101873,UA616H,20/12/2024 07:22,2024-12-20 07:58:39
PO100585,UA165H,2024-04-16 12:24:21,2024-04-16 13:12:27
PO101137,UA967E,2024-07-29 13:52:34,2024-07-29 14:49:03
PO101622,UA982D,2024-11-05 22:25:08,2024-11-05 23:05:46
PO103603,UA111E,2025-12-04 14:23:00,2025-12-04 15:30:11
PO101605,UA856B,2024-10-31 21:31:36,2024-10-31 22:27:25
PO100230,UA254G,2024-02-10 09:25:41,2024-02-10 09:42:40
PO102872,UA960G,2025-07-08 14:20:56,2025-07-08 15:19:45
PO101636,UA198B,2024-11-08 17:29:32,2024-11-08 17:53:40
PO102203,UA766D,2025-02-25 07:31:31,2025-02-25 08:20:45
PO100407,UA793B,2024-03-12 08:50:20,2024-03-12 09:19:58
PO101891,UA212B,2024-12-24 16:01:59,2024-12-24 16:48:45
PO101898,UA808C,2024-12-25 10:48:12,2024-12-25 11:48:48
PO102847,UA837D,2025-07-03 08:22:37,2025-07-03 09:22:03
PO103503,UA596B,2025-11-11 10:42:03,2025-11-11 11:54:43
PO102923,UA383D,2025-07-16 21:06:39,2025-07-16 22:04:11
PO100042,UA738H,2024-01-09 09:43:17,2024-01-09 10:49:59
PO100710,UA833G,2024-05-06 13:31:07,2024-05-06 14:31:59
PO100978,UA518B,2024-06-26 18:33:12,2024-06-26 19:48:53
PO102947,UA593H,2025-07-21 17:01:46,2025-07-21 17:24:21
PO100253,UA141G,2024-02-15 12:06:32,2024-02-15 12:50:23
PO100621,UA312E,2024-04-22 13:03:49,2024-04-22 13:41:37
PO100612,UA284A,2024-04-19 15:10:49,2024-04-19 16:28:57
PO100410,UA712A,2024-03-13 07:39:57,2024-03-13 08:28:13
PO102646,UA588F,2025-05-23 23:03:59,2025-05-24 00:01:01
PO103331,UA880C,2025-10-08 08:40:16,2025-10-08 09:41:59
PO102037,UA561B,2025-01-21 18:43:03,2025-01-21 20:00:15
PO102765,UA775B,2025-06-16 12:16:50,2025-06-16 13:17:42
PO103559,UA471B,2025-11-24 10:58:53,2025-11-24 12:16:55
PO101660,UA546G,2024-11-12 14:20:04,2024-11-12 15:42:19
PO101653,UA946D,2024-11-11 07:14:23,2024-11-11 13:41:55
PO102411,UA433H,2025-04-09 17:26:56,2025-04-09 18:12:12
PO102394,UA807C,2025-04-05 11:56:43,2025-04-05 12:24:04
PO101154,UA544C,2024-07-30 07:59:58,2024-07-30 08:39:58
PO100782,UA326A,2024-05-20 18:03:45,2024-05-20 19:10:01
PO103314,UA335F,2025-10-04 15:12:59,2025-10-04 16:12:54
PO102378,UA559D,2025-04-02 11:24:50,2025-04-02 12:10:34
PO101967,UA570G,2025-01-07 16:55:50,2025-01-07 17:57:04
PO100335,UA440B,2024-02-28 16:40:14,2024-02-28 17:17:56
PO100974,UA364A,2024-06-25 15:36:15,2024-06-25 16:52:43
PO102213,UA542F,2025-02-26 11:34:43,2025-02-26 12:26:44
PO100589,UA476E,2024-04-16 12:50:59,2024-04-16 13:45:42
PO103377,UA479A,2025-10-17 14:45:16,2025-10-17 15:34:41
PO101628,UA636G,2024-11-06 09:03:48,2024-11-06 09:57:36
PO100552,UA747E,2024-04-08 16:59:49,2024-04-08 17:51:22
PO103541,UA648H,2025-11-20 18:33:34,2025-11-20 19:36:08
PO101866,UA884H,2024-12-19 17:27:46,2024-12-19 18:37:19
PO101972,UA610A,2025-01-08 16:20:32,2025-01-08 17:19:30
PO100564,UA747A,2024-04-11 14:08:30,2024-04-11 14:53:23
PO103273,UA688C,2025-09-26 09:30:44,2025-09-26 10:31:08
PO103425,UA596H,2025-10-28 09:35:41,2025-10-28 10:14:52
PO101120,UA473D,2024-07-26 12:43:27,2024-07-26 13:54:30
PO100880,UA842F,2024-06-06 16:50:25,2024-06-06 18:15:04
PO102002,UA580B,2025-01-14 15:08:46,2025-01-14 16:03:39
PO103524,UA703H,2025-11-17 12:16:19,2025-11-17 13:13:37
PO101691,UA542G,2024-11-18 15:24:36,2024-11-18 16:28:57
PO101611,UA525C,2024-11-01 12:28:04,2024-11-01 13:20:27
PO100241,UA509B,2024-02-13 12:04:11,2024-02-13 13:12:26
PO103158,UA291A,2025-09-04 19:49:05,2025-09-04 20:12:12
PO101618,UA302E,2024-11-05 20:41:07,2024-11-05 21:52:58
PO102496,UA202D,2025-04-25 19:44:42,2025-04-25 20:30:14
PO101970,UA271C,2025-01-08 09:56:27,2025-01-08 11:02:07
PO102558,UA723F,2025-05-07 12:42:54,2025-05-07 13:48:36
PO100297,UA763D,2024-02-22 08:45:31,2024-02-22 09:39:53
PO100149,UA111B,2024-01-29 15:25:03,2024-01-29 16:36:59
PO100545,UA753C,2024-04-05 13:06:35,2024-04-05 14:06:39
PO103191,UA981F,2025-09-10 19:06:36,2025-09-10 20:14:37
PO100199,UA164E,2024-02-06 09:19:07,2024-02-06 10:12:25
PO102798,UA634E,2025-06-23 14:26:33,2025-06-23 15:09:56
PO100857,UA903F,2024-06-03 14:30:42,2024-06-03 15:04:10
PO101932,UA232B,2025-01-01 14:49:49,2025-01-01 15:50:15
PO100633,UA764C,2024-04-23 16:29:19,2024-04-23 17:19:39
PO100686,UA606A,2024-05-01 22:00:41,2024-05-01 22:56:21
PO101197,UA945A,2024-08-08 14:32:30,2024-08-08 15:08:16
PO101110,UA553F,2024-07-24 09:51:13,2024-07-24 10:42:36
PO103047,UA224H,2025-08-08 10:52:23,2025-08-08 12:21:13
PO100641,UA382E,2024-04-24 19:47:21,2024-04-24 20:15:25
PO101947,UA223C,2025-01-04 08:25:30,2025-01-04 09:18:10
PO100209,UA335G,2024-02-08 11:30:36,2024-02-08 12:18:36
PO103025,UA570F,2025-08-05 18:43:30,2025-08-05 19:16:24
PO100629,UA239F,2024-04-23 18:52:53,2024-04-23 19:38:35
PO101127,UA646A,2024-07-27 13:59:26,2024-07-27 14:55:54
PO100127,UA669G,2024-01-25 12:24:37,2024-01-25 13:31:07
PO101885,UA566D,2024-12-23 12:01:13,2024-12-23 12:47:15
PO100893,UA445E,2024-06-08 16:11:21,2024-06-08 17:03:53
PO102337,UA735A,2025-03-24 11:05:42,2025-03-24 11:59:28
PO102373,UA262A,2025-04-02 14:59:18,2025-04-02 15:53:37
PO101259,UA241E,2024-08-22 14:33:53,2024-08-22 15:44:39
PO100696,UA362A,2024-05-03 10:23:37,2024-05-03 10:47:40
PO100393,UA541B,2024-03-09 13:20:43,2024-03-09 14:09:40
PO101904,UA437E,2024-12-27 08:15:56,2024-12-27 08:59:03
PO103334,UA487B,2025-10-08 17:40:32,2025-10-08 18:53:21
PO103112,UA519B,2025-08-22 13:56:26,2025-08-22 14:46:34
PO101781,UA892H,2024-12-05 18:24:07,2024-12-05 19:48:26
PO100506,UA316B,2024-03-30 13:58:24,2024-03-30 15:10:38
PO102008,UA742B,2025-01-15 07:51:13,2025-01-15 08:42:27
PO100631,UA988H,2024-04-23 13:50:07,2024-04-23 14:49:26
PO101931,UA976H,2025-01-01 14:37:14,2025-01-01 15:34:09
PO101831,UA555D,2024-12-13 16:31:48,2024-12-13 17:06:54
PO102603,UA868A,2025-05-15 19:05:00,2025-05-15 20:05:26
PO102126,UA412D,2025-02-06 12:56:45,2025-02-06 13:33:57
PO100541,UA769E,2024-04-04 22:28:24,2024-04-04 23:18:36
PO103542,UA902H,2025-11-21 09:17:52,2025-11-21 09:59:37
PO100313,UA587D,2024-02-24 16:57:26,2024-02-24 18:18:44
PO100125,UA274B,2024-01-24 09:51:55,2024-01-24 10:55:06
PO102285,UA947B,2025-03-14 10:49:33,2025-03-14 11:39:39
PO103616,UA496F,2025-12-08 16:49:48,2025-12-08 17:30:36
PO101282,UA843H,,2024-08-29 18:18:44
PO102891,UA449A,2025-07-11 16:26:32,2025-07-11 16:55:18
PO100167,UA279G,2024-01-31 20:09:44,2024-01-31 21:16:19
PO103526,UA125F,2025-11-17 12:30:53,2025-11-17 13:10:49
PO102890,UA689F,2025-07-10 16:18:05,2025-07-10 17:20:56
PO100662,UA448G,,2024-04-27 17:38:19
PO100351,UA730C,2024-03-01 21:05:53,2024-03-01 22:04:08
PO102614,UA249A,2025-05-17 20:22:01,2025-05-17 21:26:36
PO101207,UA298H,,2024-08-10 23:05:00
PO102088,UA879D,2025-01-30 07:43:52,2025-01-30 08:13:52
PO101043,UA316E,2024-07-10 15:43:12,2024-07-10 16:37:34
PO101586,UA836E,2024-10-28 13:11:56,2024-10-28 14:25:10
PO101062,UA672H,2024-07-15 11:52:47,2024-07-15 13:02:12
PO101124,UA328G,2024-07-26 11:03:08,2024-07-26 12:01:52
PO100020,UA878B,2024-01-04 11:34:42,2024-01-04 12:03:04
PO103632,UA658H,2025-12-10 08:50:47,2025-12-10 09:57:24
PO100913,UA532C,2024-06-12 08:17:23,2024-06-12 09:01:28
PO103652,UA967D,2025-12-15 14:59:14,2025-12-15 15:48:57
PO103017,UA421H,2025-08-04 16:21:36,2025-08-04 17:25:34
PO102239,UA867G,2025-03-04 09:49:29,2025-03-04 11:02:46
PO102655,UA722E,2025-05-26 12:05:54,2025-05-26 12:53:32
PO102399,UA867B,2025-04-07 08:52:50,2025-04-07 09:53:28
PO102865,UA133G,2025-07-07 15:11:02,2025-07-07 15:47:21
PO101958,UA523B,2025-01-06 16:26:45,2025-01-06 17:09:52
PO103302,UA117B,2025-10-01 10:43:23,2025-10-01 11:57:46
PO100858,UA149H,2024-06-03 17:16:41,2024-06-03 17:45:04
PO102367,UA890H,2025-04-01 13:38:23,2025-04-01 14:45:34
PO102997,UA981H,2025-07-30 16:34:53,2025-07-30 17:43:06
PO101027,UA600H,2024-07-05 15:25:57,2024-07-05 16:28:22
PO101198,UA646A,2024-08-08 16:30:38,2024-08-08 17:52:50
PO103340,UA699G,2025-10-10 20:25:44,2025-10-10 21:36:46
PO102074,UA804B,2025-01-27 07:01:06,2025-01-27 07:37:25
PO102405,UA228C,2025-04-08 13:40:05,2025-04-08 14:59:25
PO101352,UA917B,2024-09-11 22:53:59,2024-09-11 23:50:11
PO100087,UA725F,2024-01-18 16:04:26,2024-01-18 16:59:28
PO101441,UA450E,2024-09-26 17:15:45,2024-09-26 17:59:04
PO100841,UA613E,2024-05-29 07:51:15,2024-05-29 08:42:25
PO101244,UA666E,2024-08-20 14:37:59,2024-08-20 15:37:54
PO101054,UA153F,2024-07-11 16:24:13,2024-07-11 16:54:05
PO101481,UA769C,2024-10-03 17:21:03,2024-10-03 18:29:30
PO102585,UA217H,2025-05-13 12:18:44,2025-05-13 13:19:19
PO101211,UA759E,2024-08-12 11:48:12,2024-08-12 12:39:20
PO102180,UA747D,2025-02-18 13:46:24,2025-02-18 14:33:17
PO100051,UA906E,2024-01-10 14:04:17,2024-01-10 14:41:26
PO103399,UA754A,2025-10-22 16:44:33,2025-10-22 17:54:32
PO102583,UA397H,2025-05-12 17:41:47,2025-05-12 18:22:47
PO100604,UA778A,2024-04-18 11:43:19,2024-04-18 12:56:17
PO103521,UA354B,15/11/2025 14:03,2025-11-15 14:45:04
PO101832,UA150B,2024-12-13 12:03:12,2024-12-13 12:53:26
PO102156,UA165F,2025-02-13 18:32:56,2025-02-13 19:22:41
PO101741,UA728H,2024-11-26 10:06:35,2024-11-26 10:47:13
PO102470,UA949E,2025-04-19 12:13:02,2025-04-19 13:25:06
PO101784,UA449G,2024-12-06 11:59:49,2024-12-06 13:23:00
PO103021,UA556H,2025-08-04 09:02:08,2025-08-04 09:53:43
PO103303,UA101G,2025-10-02 21:01:53,2025-10-02 22:11:55
PO103733,UA553F,2025-12-31 11:51:17,2025-12-31 12:43:47
PO103137,UA692F,2025-08-28 22:17:05,2025-08-28 22:50:03
PO102175,UA656C,2025-02-15 18:19:57,2025-02-15 19:41:15
PO100117,UA892F,2024-01-24 17:35:11,2024-01-24 18:32:49
PO100124,UA341B,2024-01-24 10:29:17,2024-01-24 11:10:21
PO103320,UA173C,,2025-10-04 13:40:49
PO103292,UA234H,2025-09-30 10:59:34,2025-09-30 11:48:13
PO101293,UA715B,,2024-08-31 13:56:06
PO100846,UA145B,2024-05-31 16:09:15,2024-05-31 17:11:32
PO101370,UA360C,2024-09-13 13:17:20,2024-09-13 14:01:25
PO103101,UA914D,2025-08-20 20:14:25,2025-08-20 21:20:16
PO102252,UA547D,2025-03-08 17:42:27,2025-03-08 18:32:38
PO101656,UA249C,2024-11-11 13:36:21,2024-11-11 14:52:27
PO101091,UA253A,2024-07-20 11:49:13,2024-07-20 12:47:42
PO100180,UA674D,2024-02-02 11:06:33,2024-02-02 12:27:08
PO101870,UA149E,2024-12-20 19:35:10,2024-12-20 20:43:46
PO101918,UA490D,2024-12-30 09:23:40,2024-12-30 10:11:36
PO102336,UA965F,2025-03-24 14:16:53,2025-03-24 15:13:37
PO102510,UA479B,2025-04-28 13:42:47,2025-04-28 14:43:44
PO102942,UA287A,2025-07-19 17:15:16,2025-07-19 18:30:23
PO102326,UA469F,2025-03-22 10:33:16,2025-03-22 11:33:21
PO101092,UA656A,2024-07-20 14:20:31,2024-07-20 15:27:09
PO100671,UA570H,2024-04-30 13:38:15,2024-04-30 14:30:17
PO100236,UA875H,2024-02-12 13:57:09,2024-02-12 14:42:55
PO102656,UA378A,2025-05-27 16:19:58,2025-05-27 17:19:50
PO101599,UA188H,2024-10-31 12:34:28,2024-10-31 13:49:05
PO103504,UA756D,2025-11-11 11:41:28,2025-11-11 12:44:35
PO100605,UA544D,2024-04-18 12:15:28,2024-04-18 13:12:54
PO101036,UA770A,2024-07-08 10:58:42,2024-07-08 11:44:32
PO100066,UA858E,2024-01-13 15:36:49,2024-01-13 16:27:10
PO103213,UA817H,2025-09-15 07:44:16,2025-09-15 08:38:47
PO100319,UA616E,2024-02-26 14:39:49,2024-02-26 15:27:21
PO100265,UA608D,2024-02-16 12:52:06,2024-02-16 14:02:08
PO103269,UA815B,25/09/2025 14:25,2025-09-25 15:19:47
PO100006,UA362H,2024-01-01 16:13:50,2024-01-01 17:32:41
PO103579,UA240E,2025-11-29 13:36:39,2025-11-29 14:14:45
PO101171,UA496B,2024-08-02 10:34:44,2024-08-02 11:12:32
PO100895,UA807A,2024-06-08 17:49:29,2024-06-08 18:28:04
PO100309,UA340C,2024-02-23 18:32:18,2024-02-23 19:41:08
PO102782,UA301H,2025-06-18 19:05:07,2025-06-18 20:06:48
PO102505,UA639E,2025-04-28 10:01:59,2025-04-28 11:17:23
PO102699,UA386A,2025-06-03 16:08:51,2025-06-03 16:46:10
PO101260,UA532A,2024-08-22 17:27:00,2024-08-22 18:37:13
PO101196,UA854A,2024-08-08 21:47:40,2024-08-08 22:49:23
PO100473,UA570B,2024-03-25 16:16:53,2024-03-25 17:25:28
PO103356,UA261C,2025-10-14 18:58:18,2025-10-14 19:40:05
PO100362,UA934C,2024-03-04 15:12:58,2024-03-04 16:02:44
PO102933,UA344E,17/07/2025 09:15,2025-07-17 09:59:19
PO102573,UA748E,2025-05-09 14:06:59,2025-05-09 14:43:53
PO103722,UA730H,2025-12-29 09:14:08,2025-12-29 10:11:56
PO100437,UA256C,2024-03-18 13:29:15,2024-03-18 14:17:37
PO101957,UA532D,2025-01-06 14:58:31,2025-01-06 15:29:37
PO100302,UA653F,2024-02-22 15:09:04,2024-02-22 16:22:51
PO101711,UA837G,2024-11-21 17:35:48,2024-11-21 18:11:40
PO102645,UA606G,2025-05-23 10:35:42,2025-05-23 11:22:20
PO102985,UA784B,2025-07-29 16:00:13,2025-07-29 16:40:27
PO102714,UA760E,2025-06-05 18:38:52,2025-06-05 18:53:11
PO102758,UA314H,2025-06-13 06:48:39,2025-06-13 07:56:56
PO101914,UA675G,2024-12-28 11:53:55,2024-12-28 13:26:38
PO102741,UA221B,2025-06-09 11:59:51,2025-06-09 12:34:32
PO101902,UA601G,2024-12-26 11:53:37,2024-12-26 12:44:33
PO100157,UA480H,2024-01-30 13:42:38,2024-01-30 15:31:57
PO100967,UA372D,2024-06-22 19:31:26,2024-06-22 20:19:14
PO101369,UA805D,2024-09-13 09:22:53,2024-09-13 10:27:21
PO102454,UA497G,2025-04-17 15:39:27,2025-04-17 16:40:33
PO101547,UA649G,2024-10-21 15:35:43,2024-10-21 16:13:40
PO101746,UA681H,2024-11-26 12:50:51,2024-11-26 13:38:46
PO100411,UA788C,2024-03-13 16:07:35,2024-03-13 16:40:07
PO101944,UA822F,2025-01-03 13:43:15,2025-01-03 14:57:57
PO101170,UA325C,2024-08-02 12:44:51,2024-08-02 13:56:42
PO100981,UA613G,2024-06-27 19:43:35,2024-06-27 20:51:59
PO101674,UA805C,2024-11-14 15:03:43,2024-11-14 15:58:29
PO100460,UA663D,2024-03-21 16:13:02,2024-03-21 16:52:49
PO101577,UA460C,2024-10-26 21:31:56,2024-10-26 22:34:24
PO101361,UA307G,2024-09-11 16:00:44,2024-09-11 17:17:33
PO100104,UA928B,2024-01-22 08:03:31,2024-01-22 08:49:44
PO100896,UA236C,2024-06-09 17:39:53,2024-06-09 18:43:10
PO100823,UA680D,2024-05-27 14:22:11,2024-05-27 15:20:26
PO103012,UA869H,2025-08-04 17:08:16,2025-08-04 18:22:23
PO101393,UA818F,2024-09-18 14:05:57,2024-09-18 15:11:24
PO101098,UA877G,2024-07-22 20:32:25,2024-07-22 21:39:06
PO100413,UA413E,2024-03-13 14:50:58,2024-03-13 15:25:04
PO100653,UA572F,2024-04-26 17:33:29,2024-04-26 18:24:12
PO101278,UA248E,2024-08-29 14:17:20,2024-08-29 15:01:03
PO100341,UA763B,2024-02-28 14:55:05,2024-02-28 15:33:17
PO101207,UA298H,,2024-08-10 23:05:00
PO101175,UA261B,2024-08-05 16:27:52,2024-08-05 17:32:08
PO102727,UA297A,2025-06-06 07:51:55,2025-06-06 08:26:40
PO103479,UA422G,2025-11-05 21:50:52,2025-11-05 22:50:43
PO102195,UA413F,2025-02-21 15:43:47,2025-02-21 16:27:35
PO101651,UA305E,2024-11-11 15:27:01,2024-11-11 16:53:05
PO102273,UA990H,2025-03-12 15:17:16,2025-03-12 16:21:49
PO103349,UA348G,2025-10-13 16:02:33,2025-10-13 17:19:56
PO101375,UA181C,2024-09-13 21:33:47,2024-09-13 22:52:47
PO102850,UA444F,2025-07-04 11:56:21,2025-07-04 12:44:43
PO100017,UA369G,2024-01-03 16:52:01,2024-01-03 18:23:39
PO103514,UA438C,2025-11-13 10:14:37,2025-11-13 11:00:37
PO100444,UA430B,2024-03-18 09:18:52,2024-03-18 10:16:06
PO103087,UA154H,2025-08-18 07:16:20,2025-08-18 08:31:16
PO102227,UA763E,2025-03-03 14:12:46,2025-03-03 14:27:40
PO102038,UA286B,2025-01-21 13:43:31,2025-01-21 14:58:45
PO100886,UA682A,2024-06-07 16:07:16,2024-06-07 17:02:51
PO102005,UA492C,2025-01-15 16:42:14,2025-01-15 17:43:07
PO102122,UA295D,2025-02-06 12:02:29,2025-02-06 12:37:15
PO103391,UA331F,2025-10-21 08:05:53,2025-10-21 09:04:32
PO101829,UA475G,2024-12-13 14:17:25,2024-12-13 15:17:36
PO103420,UA247G,2025-10-27 17:41:18,2025-10-27 18:53:07
PO100271,UA236F,2024-02-17 18:26:31,2024-02-17 19:12:16
PO102380,UA732G,2025-04-02 13:20:34,2025-04-02 14:14:15
PO100587,UA792D,2024-04-16 07:56:50,2024-04-16 09:01:27
PO101121,UA440H,2024-07-26 09:49:45,2024-07-26 10:16:16
PO100363,UA544F,,2024-03-04 11:11:50
PO102481,UA133E,2025-04-23 15:02:22,2025-04-23 15:30:47
PO103663,UA663E,2025-12-16 09:55:34,2025-12-16 11:09:06
PO101345,UA398G,,2024-09-10 17:41:38
PO103670,UA303G,2025-12-17 17:06:50,2025-12-17 18:18:09
PO100417,UA445H,2024-03-14 21:30:45,2024-03-14 22:33:00
PO101143,UA897F,2024-07-30 15:24:04,2024-07-30 16:06:08
PO101001,UA140C,2024-07-01 10:43:16,2024-07-01 11:47:42
PO100838,UA623G,29/05/2024 15:28,2024-05-29 16:27:43
PO103092,UA221G,2025-08-19 15:19:11,2025-08-19 15:45:56
PO103445,UA480C,2025-10-30 13:49:20,2025-10-30 14:43:53
PO101623,UA653F,2024-11-06 13:16:43,2024-11-06 14:33:18
PO100213,UA922G,2024-02-08 11:39:45,2024-02-08 12:39:18
PO100132,UA625A,2024-01-25 13:58:59,2024-01-25 15:07:54
PO101225,UA909H,2024-08-15 11:54:14,2024-08-15 12:55:52
PO102135,UA538A,2025-02-08 14:40:44,2025-02-08 15:30:30
PO101941,UA389H,2025-01-02 16:08:37,2025-01-02 17:05:52
PO101093,UA320C,,2024-07-21 13:02:17
PO102260,UA720C,10/03/2025 10:48,2025-03-10 11:38:31
PO103219,UA739G,2025-09-15 12:03:12,2025-09-15 13:04:03
PO100730,UA380H,2024-05-09 11:58:36,2024-05-09 13:26:09
PO102483,UA772A,2025-04-23 19:08:46,2025-04-23 20:07:20
PO101076,UA664B,2024-07-17 12:14:41,2024-07-17 12:41:41
PO101494,UA708H,2024-10-08 14:34:51,2024-10-08 15:39:56
PO102120,UA347E,2025-02-05 20:24:05,2025-02-05 21:41:10
PO100559,UA224C,2024-04-09 14:56:42,2024-04-09 16:22:45
PO102803,UA723H,2025-06-24 20:52:51,2025-06-24 21:38:58
PO101999,UA866A,2025-01-14 08:00:19,2025-01-14 08:48:29
PO101922,UA768D,2024-12-31 07:38:00,2024-12-31 08:30:29
PO103313,UA970C,2025-10-04 16:30:07,2025-10-04 17:11:03
PO103335,UA850C,2025-10-09 13:04:56,2025-10-09 14:02:42
PO100182,UA845D,2024-02-02 15:10:11,2024-02-02 16:05:14
PO100992,UA839F,2024-06-28 17:11:29,2024-06-28 17:54:07
PO101983,UA269B,2025-01-11 19:55:53,2025-01-11 20:40:06
PO100815,UA858A,2024-05-25 14:55:35,2024-05-25 15:39:35
PO103468,UA336E,2025-11-04 14:44:03,2025-11-04 15:56:42
PO103235,UA340E,2025-09-18 12:59:28,2025-09-18 13:34:04
PO100304,UA660D,2024-02-22 10:07:29,2024-02-22 10:52:10
PO101869,UA803A,2024-12-20 03:16:10,2024-12-20 08:01:58
PO103195,UA639G,2025-09-11 06:52:26,2025-09-11 07:48:47
PO101776,UA643A,2024-12-05 13:12:19,2024-12-05 13:58:39
PO101417,UA175C,2024-09-23 15:10:03,2024-09-23 16:17:49
PO102640,UA992A,2025-05-22 08:50:33,2025-05-22 09:13:24
PO100392,UA191C,2024-03-08 16:13:55,2024-03-08 17:14:25
PO100973,UA235H,2024-06-25 15:56:06,2024-06-25 17:00:10
PO100657,UA786D,2024-04-26 18:57:35,2024-04-26 20:06:38
PO100084,UA550A,2024-01-18 10:08:53,2024-01-18 11:03:32
PO101116,UA710H,2024-07-25 13:28:12,2024-07-25 14:25:58
PO101788,UA936E,2024-12-07 13:04:03,2024-12-07 14:04:37
PO100074,UA608C,2024-01-16 17:23:59,2024-01-16 18:31:41
PO101056,UA674E,2024-07-12 06:43:49,2024-07-12 07:29:17
PO102788,UA515C,2025-06-19 15:18:59,2025-06-19 16:38:20
PO102831,UA928A,2025-06-30 10:53:30,2025-06-30 12:08:45
PO100083,UA894C,2024-01-17 06:29:18,2024-01-17 07:37:47
PO102897,UA754G,2025-07-12 10:44:29,2025-07-12 11:21:02
PO103073,UA174E,2025-08-14 12:30:27,2025-08-14 14:01:58
PO102459,UA814G,2025-04-17 12:17:16,2025-04-17 13:17:58
PO102050,UA567H,2025-01-23 16:03:06,2025-01-23 16:45:41
PO101301,UA463D,2024-09-02 10:41:33,2024-09-02 11:38:31
PO100964,UA300B,2024-06-22 19:31:54,2024-06-22 20:52:10
PO102306,UA483B,2025-03-18 19:23:53,2025-03-18 20:20:01
PO100574,UA655C,2024-04-13 18:16:22,2024-04-13 19:30:34
PO100929,UA120A,2024-06-14 16:56:24,2024-06-14 17:55:18
PO100447,UA981A,2024-03-19 13:04:48,2024-03-19 14:13:19
PO100899,UA109F,2024-06-10 12:08:17,2024-06-10 13:23:32
PO102020,UA599E,2025-01-17 07:23:39,2025-01-17 08:09:21
PO102480,UA508H,2025-04-23 16:25:13,2025-04-23 17:50:28
PO101770,UA505A,2024-12-03 19:45:04,2024-12-03 21:00:50
PO102719,UA305E,2025-06-05 21:30:30,2025-06-05 22:38:55
PO101946,UA843D,2025-01-03 17:04:03,2025-01-03 18:03:32
PO100885,UA270F,2024-06-07 21:07:58,2024-06-07 21:59:45
PO100417,UA445H,2024-03-14 21:30:45,2024-03-14 22:33:00
PO101407,UA908H,2024-09-21 19:27:14,2024-09-21 20:32:31
PO103157,UA425D,2025-09-03 11:52:24,2025-09-03 13:04:55
PO100891,UA758D,2024-06-07 12:31:11,2024-06-07 13:16:45
PO103077,UA699C,2025-08-15 13:04:20,2025-08-15 13:46:19
PO101219,UA168E,2024-08-13 09:42:56,2024-08-13 10:45:23
PO102574,UA647H,2025-05-09 17:41:14,2025-05-09 18:59:35
PO103459,UA728F,2025-11-01 10:00:35,2025-11-01 10:51:10
PO100187,UA363G,2024-02-02 11:47:14,2024-02-02 12:18:30
PO103031,UA828E,2025-08-05 19:21:37,2025-08-05 20:06:37
PO102969,UA184F,2025-07-25 20:19:56,2025-07-25 21:04:11
PO103061,UA992D,2025-08-12 14:55:16,2025-08-12 15:52:17
PO101534,UA531F,2024-10-16 17:13:52,2024-10-16 18:10:26
PO101772,UA354H,2024-12-03 20:36:48,2024-12-03 21:44:03
PO102388,UA399E,2025-04-03 08:38:44,2025-04-03 09:34:09
PO100501,UA872F,2024-03-29 15:43:32,2024-03-29 16:34:44
PO101564,UA960E,2024-10-24 13:02:27,2024-10-24 13:44:20
PO103494,UA214F,2025-11-10 13:48:21,2025-11-10 15:01:59
PO103528,UA739E,2025-11-18 07:45:57,2025-11-18 08:14:23
PO101329,UA339B,2024-09-05 16:54:22,2024-09-05 17:48:13
PO103721,UA291F,2025-12-29 14:20:51,2025-12-29 15:11:02
PO100441,UA741D,2024-03-18 11:55:40,2024-03-18 12:38:13
PO101585,UA617E,2024-10-28 11:21:09,2024-10-28 12:25:17
PO102889,UA907B,2025-07-10 21:21:15,2025-07-10 22:32:44
PO103376,UA801H,2025-10-17 10:42:49,2025-10-17 11:48:49
PO103100,UA431G,2025-08-20 08:59:48,2025-08-20 09:44:37
PO102465,UA258F,2025-04-18 09:56:51,2025-04-18 11:12:24
PO103715,UA401B,2025-12-26 18:20:54,2025-12-26 19:13:05
PO100751,UA389E,2024-05-14 10:23:44,2024-05-14 11:28:31
PO102476,UA398A,2025-04-22 09:32:52,2025-04-22 10:34:29
PO100744,UA809A,2024-05-13 12:15:43,2024-05-13 13:10:15
PO101410,UA974E,2024-09-21 13:50:21,2024-09-21 14:48:25
PO101283,UA268D,2024-08-30 10:23:55,2024-08-30 11:16:53
PO102864,UA130B,2025-07-07 19:04:37,2025-07-07 20:05:25
PO100764,UA178G,2024-05-16 09:17:50,2024-05-16 10:28:15
PO100336,UA648F,2024-02-28 10:58:02,2024-02-28 12:13:58
PO103173,UA794D,2025-09-08 19:29:48,2025-09-08 20:50:33
PO103563,UA382D,2025-11-25 17:48:17,2025-11-25 18:31:28
PO101560,UA756C,2024-10-23 12:08:46,2024-10-23 12:34:13
PO100593,UA217C,2024-04-17 10:52:42,2024-04-17 11:53:22
PO103499,UA280E,2025-11-11 15:32:35,2025-11-11 16:53:11
PO102217,UA852C,2025-02-26 18:01:21,2025-02-26 18:51:42
PO103452,UA512E,2025-10-31 13:42:14,2025-10-31 14:21:49
PO101602,UA602D,2024-10-31 08:08:44,2024-10-31 08:43:42
PO102986,UA893A,2025-07-29 15:10:52,2025-07-29 15:46:07
PO103268,UA231F,2025-09-25 16:44:14,2025-09-25 18:12:10
PO101980,UA280D,2025-01-10 15:34:01,2025-01-10 16:40:15
PO100731,UA512F,2024-05-09 20:22:53,2024-05-09 21:25:22
PO101593,UA249H,2024-10-30 08:02:25,2024-10-30 08:57:16
PO102353,UA991D,2025-03-27 14:49:11,2025-03-27 15:46:53
PO102077,UA373H,2025-01-28 11:38:11,2025-01-28 12:35:46
PO102215,UA436C,2025-02-26 15:10:29,2025-02-26 15:53:04
PO102412,UA537E,2025-04-09 14:10:51,2025-04-09 15:16:42
PO101463,UA782B,2024-09-30 09:54:26,2024-09-30 10:45:36
PO102076,UA918A,2025-01-27 13:47:45,2025-01-27 14:22:32
PO103209,UA457D,2025-09-13 22:22:44,2025-09-13 23:14:51
PO101073,UA921G,2024-07-17 16:39:44,2024-07-17 17:46:11
PO100707,UA554B,2024-05-06 11:05:27,2024-05-06 12:07:49
PO102427,UA954H,2025-04-12 12:23:42,2025-04-12 13:09:02
PO101777,UA289G,2024-12-05 10:13:28,2024-12-05 11:11:10
PO102118,UA599B,2025-02-05 09:49:03,2025-02-05 10:59:38
PO102355,UA528A,2025-03-27 16:17:44,2025-03-27 17:27:02
PO103311,UA677D,2025-10-03 16:35:04,2025-10-03 17:09:02
PO103290,UA363C,2025-09-30 17:56:46,2025-09-30 19:07:09
PO101388,UA368E,2024-09-18 07:58:02,2024-09-18 08:24:28
PO103706,UA271H,2025-12-25 19:27:05,2025-12-25 20:23:11
PO102601,UA369D,2025-05-15 20:37:39,2025-05-15 21:35:29
PO102376,UA164E,2025-04-02 15:46:25,2025-04-02 17:03:28
PO100320,UA773C,2024-02-26 18:24:30,2024-02-26 19:39:17
PO100516,UA812E,2024-04-02 20:59:28,2024-04-02 21:27:30
PO100511,UA527H,2024-04-01 09:24:46,2024-04-01 10:16:39
PO102379,UA548G,2025-04-02 13:24:44,2025-04-02 14:07:29
PO102501,UA782B,2025-04-26 16:15:47,2025-04-26 17:24:37
PO101632,UA200D,2024-11-07 19:57:08,2024-11-07 20:37:04
PO101801,UA243G,,2024-12-10 12:11:15
PO102697,UA112D,2025-06-02 12:01:43,2025-06-02 13:07:35
PO102086,UA417B,2025-01-29 10:29:52,2025-01-29 11:10:45
PO101916,UA189B,2024-12-30 10:26:42,2024-12-30 11:37:56
PO102370,UA610A,2025-04-01 14:30:41,2025-04-01 15:24:18
PO101212,UA805C,2024-08-12 17:06:17,2024-08-12 18:00:11
PO100356,UA690C,2024-03-01 10:59:54,2024-03-01 11:37:23
PO101749,UA433B,2024-11-28 12:36:02,2024-11-28 13:24:23
PO101075,UA585B,2024-07-17 11:22:03,2024-07-17 12:10:26
PO103297,UA154G,,2025-10-01 13:45:20
PO102764,UA928H,2025-06-16 19:38:04,2025-06-16 20:43:55
PO100063,UA763D,2024-01-12 08:44:56,2024-01-12 09:35:50
PO100062,UA851B,2024-01-12 17:25:43,2024-01-12 18:08:28
PO103525,UA210D,2025-11-17 17:16:32,2025-11-17 17:40:14
PO103058,UA442F,2025-08-11 16:12:54,2025-08-11 17:10:35
PO102635,UA251A,2025-05-21 22:36:35,2025-05-21 23:30:38
PO101349,UA903E,2024-09-10 16:59:11,2024-09-10 17:49:40
PO102661,UA319D,2025-05-28 09:43:40,2025-05-28 10:28:20
PO100616,UA902G,22/04/2024 22:36,2024-04-22 23:28:56
PO101029,UA816F,2024-07-06 08:43:54,2024-07-06 09:40:40
PO100900,UA768H,2024-06-10 11:04:45,2024-06-10 12:16:55
PO103263,UA935B,2025-09-24 18:51:18,2025-09-24 19:31:58
PO101840,UA688C,2024-12-15 14:37:06,2024-12-15 15:18:22
PO101411,UA587B,2024-09-21 11:48:03,2024-09-21 12:34:04
PO101603,UA123F,2024-10-31 15:30:17,2024-10-31 16:46:40
PO103175,UA521F,2025-09-08 15:24:19,2025-09-08 16:26:37
PO100824,UA818F,2024-05-27 12:36:45,2024-05-27 13:49:41
PO101753,UA509F,2024-11-29 16:53:48,2024-11-29 17:41:13
PO100591,UA193D,2024-04-16 14:43:41,2024-04-16 15:33:02
PO103186,UA983F,2025-09-09 16:26:38,2025-09-09 17:00:50
PO103401,UA303E,2025-10-22 16:40:59,2025-10-22 17:33:59
PO102352,UA457G,2025-03-27 13:58:19,2025-03-27 15:00:43
PO101108,UA621A,2024-07-23 22:17:08,2024-07-23 23:26:15
PO101880,UA322H,2024-12-21 18:45:17,2024-12-21 19:48:12
PO103543,UA356C,2025-11-21 16:46:12,2025-11-21 17:30:19
PO102507,UA459D,2025-04-28 09:59:15,2025-04-28 11:27:37
PO101923,UA767E,2024-12-31 13:56:34,2024-12-31 15:04:03
PO101748,UA608E,2024-11-27 13:16:32,2024-11-27 14:27:00
PO102161,UA248H,2025-02-14 12:13:03,2025-02-14 13:27:55
PO100670,UA808H,2024-04-29 13:24:16,2024-04-29 14:22:43
PO102097,UA986G,2025-01-30 07:07:25,2025-01-30 07:46:20
PO102295,UA532B,2025-03-17 12:19:56,2025-03-17 13:19:12
PO100401,UA321C,2024-03-12 20:41:25,2024-03-12 21:43:35
PO102080,UA200G,2025-01-28 14:27:52,2025-01-28 15:33:56
PO101080,UA611D,2024-07-18 08:45:06,2024-07-18 10:00:20
PO100614,UA480H,2024-04-20 11:49:10,2024-04-20 12:46:31
PO102166,UA537B,2025-02-14 14:59:40,2025-02-14 15:59:55
PO103540,UA962F,2025-11-20 19:03:50,2025-11-20 19:55:01
PO103434,UA507A,2025-10-29 12:53:02,2025-10-29 13:47:33
PO101915,UA541B,2024-12-28 14:55:31,2024-12-28 15:49:20
PO102251,UA527A,2025-03-07 17:16:44,2025-03-07 18:14:11
PO102680,UA615G,2025-05-29 15:40:43,2025-05-29 16:07:35
PO100246,UA986A,2024-02-14 06:27:56,2024-02-14 07:14:36
PO103685,UA139E,2025-12-19 16:04:43,2025-12-19 17:04:14
PO102174,UA637C,2025-02-15 19:13:33,2025-02-15 19:41:39
PO100375,UA124D,2024-03-06 15:34:29,2024-03-06 16:37:18
PO101732,UA691F,2024-11-25 07:27:50,2024-11-25 08:14:58
PO103375,UA899D,2025-10-17 15:11:45,2025-10-17 15:56:29
PO101041,UA651F,2024-07-09 18:35:23,2024-07-09 19:48:27
PO101359,UA104B,2024-09-11 08:01:50,2024-09-11 09:19:22
PO103368,UA384A,2025-10-16 07:44:51,2025-10-16 08:42:42
PO101405,UA235C,2024-09-21 07:56:59,2024-09-21 09:16:07
PO100647,UA894C,2024-04-25 20:48:49,2024-04-25 21:56:27
PO102022,UA430D,2025-01-17 15:56:23,2025-01-17 16:50:17
PO103462,UA790B,2025-11-01 14:25:09,2025-11-01 15:25:26
PO101404,UA671H,2024-09-20 17:38:09,2024-09-20 18:51:58
PO103628,UA457C,2025-12-09 11:04:21,2025-12-09 11:50:36
PO100756,UA188G,,2024-05-15 22:59:18
PO101342,UA740E,2024-09-09 22:09:11,2024-09-09 23:07:53
PO103466,UA922C,2025-11-03 17:55:29,2025-11-03 18:23:44
PO100903,UA763A,2024-06-10 20:03:56,2024-06-10 20:40:43
PO103593,UA369E,2025-12-03 09:58:59,2025-12-03 10:58:35
PO102937,UA879B,2025-07-18 11:13:20,2025-07-18 11:47:53
PO100803,UA172G,2024-05-23 10:13:57,2024-05-23 11:13:57
PO102756,UA412F,2025-06-13 14:24:21,2025-06-13 15:05:56
PO101818,UA139B,2024-12-12 17:35:31,2024-12-12 18:19:22
PO103020,UA107C,2025-08-04 12:22:15,2025-08-04 13:38:24
PO100752,UA799F,2024-05-15 12:44:35,2024-05-15 13:40:50
PO100379,UA153F,2024-03-06 16:21:26,2024-03-06 17:22:06
PO103486,UA151F,2025-11-07 17:39:05,2025-11-07 18:40:34
PO103638,UA117F,2025-12-11 08:32:53,2025-12-11 09:11:57
PO100606,UA262F,2024-04-18 20:58:55,2024-04-18 21:38:45
PO100290,UA410E,2024-02-21 16:10:05,2024-02-21 16:50:44
PO101272,UA965H,2024-08-26 11:31:08,2024-08-26 12:34:50
PO100567,UA749E,2024-04-11 11:32:54,2024-04-11 12:34:26
PO100980,UA210G,2024-06-27 15:58:41,2024-06-27 16:47:56
PO102315,UA323E,2025-03-20 08:57:58,2025-03-20 09:50:30
PO103490,UA636A,2025-11-07 15:26:59,2025-11-07 16:26:49
PO101005,UA582E,2024-07-01 10:44:17,2024-07-01 11:47:44
PO101993,UA663D,2025-01-13 16:33:08,2025-01-13 17:29:16
PO100298,UA915E,2024-02-22 13:07:16,2024-02-22 13:53:04
PO103488,UA913E,2025-11-07 17:45:43,2025-11-07 18:24:37
PO103029,UA843B,2025-08-05 21:19:18,2025-08-05 22:05:48
PO103610,UA152A,2025-12-06 10:33:25,2025-12-06 11:26:07
PO103517,UA661G,2025-11-14 14:29:21,2025-11-14 15:36:01
PO103533,UA289H,2025-11-19 12:37:07,2025-11-19 13:23:17
PO103476,UA389A,2025-11-05 12:57:16,2025-11-05 13:29:32
PO103004,UA956F,2025-08-01 11:11:49,2025-08-01 12:15:03
PO100725,UA906C,2024-05-08 14:53:08,2024-05-08 16:03:07
PO100483,UA876D,2024-03-27 19:59:09,2024-03-27 20:36:58
PO101387,UA332B,2024-09-17 12:12:55,2024-09-17 12:48:26
PO102561,UA748F,2025-05-07 10:53:45,2025-05-07 11:36:07
PO100962,UA339H,2024-06-21 15:41:21,2024-06-21 16:34:29
PO102410,UA436C,2025-04-09 17:09:14,2025-04-09 18:04:20
PO103383,UA592B,2025-10-20 16:04:21,2025-10-20 17:08:43
PO101008,UA651F,2024-07-02 07:55:43,2024-07-02 08:36:55
PO100555,UA707H,2024-04-08 13:42:09,2024-04-08 14:38:07
PO102146,UA301D,2025-02-11 17:03:37,2025-02-11 17:48:15
PO100911,UA560C,2024-06-12 16:23:03,2024-06-12 17:39:20
PO101638,UA719B,2024-11-08 10:53:14,2024-11-08 11:46:03
PO100638,UA836E,2024-04-24 13:15:21,2024-04-24 14:10:28
PO102406,UA449C,2025-04-08 16:39:32,2025-04-08 17:01:00
PO103650,UA259C,2025-12-14 11:54:57,2025-12-14 12:43:21
PO101256,UA637B,2024-08-21 07:43:44,2024-08-21 09:13:49
PO102047,UA269C,2025-01-23 15:22:28,2025-01-23 16:20:33
PO100628,UA733B,2024-04-22 20:52:19,2024-04-22 21:43:20
PO100225,UA362E,2024-02-09 17:57:14,2024-02-09 18:56:27
PO101368,UA212H,2024-09-13 10:47:59,2024-09-13 12:00:08
PO103102,UA545D,2025-08-21 16:58:36,2025-08-21 18:07:24
PO101922,UA768D,2024-12-31 07:38:00,2024-12-31 08:30:29
PO102491,UA555C,2025-04-25 22:20:37,2025-04-25 23:22:21
PO101979,UA920H,2025-01-10 16:17:19,2025-01-10 16:47:51
PO101661,UA867H,2024-11-12 08:45:22,2024-11-12 09:08:24
PO101284,UA510B,2024-08-30 10:07:28,2024-08-30 11:31:37
PO102488,UA503F,2025-04-24 09:10:37,2025-04-24 09:52:36
PO103419,UA506G,2025-10-25 20:32:41,2025-10-25 21:37:10
PO103127,UA314E,2025-08-25 12:34:41,2025-08-25 13:44:01
PO100082,UA477B,2024-01-17 19:08:41,2024-01-17 20:28:25
PO100851,UA841B,2024-06-01 14:28:18,2024-06-01 15:33:25
PO102686,UA957A,2025-05-30 08:00:14,2025-05-30 09:17:08
PO103064,UA674E,2025-08-13 07:11:36,2025-08-13 08:28:17
PO102339,UA473C,2025-03-24 13:14:54,2025-03-24 14:24:14
PO101176,UA569H,05/08/2024 08:01,2024-08-05 09:02:20
PO103049,UA551H,2025-08-08 07:02:38,2025-08-08 08:16:44
PO103357,UA877D,2025-10-14 18:29:16,2025-10-14 19:16:19
PO100107,UA111E,2024-01-22 16:07:39,2024-01-22 17:10:54
PO102823,UA481G,2025-06-28 14:27:51,2025-06-28 14:43:46
PO103187,UA465B,2025-09-09 18:43:59,2025-09-09 19:53:59
PO102934,UA199F,2025-07-17 14:57:45,2025-07-17 16:02:52
PO100426,UA763D,2024-03-16 19:02:51,2024-03-16 20:02:36
PO103323,UA432E,2025-10-06 11:34:09,2025-10-06 13:06:46
PO103310,UA239H,2025-10-03 17:34:06,2025-10-03 18:46:21
PO100360,UA180F,2024-03-03 16:12:10,2024-03-03 16:58:41
PO103215,UA670E,2025-09-15 11:14:48,2025-09-15 11:38:19
PO100170,UA156C,2024-02-01 14:03:47,2024-02-01 15:06:21
PO103620,UA551G,2025-12-08 15:18:22,2025-12-08 15:35:22
PO101339,UA278H,2024-09-09 18:38:17,2024-09-09 19:17:58
PO102649,UA638D,2025-05-24 07:56:21,2025-05-24 08:55:44
PO103241,UA332H,2025-09-20 11:23:11,2025-09-20 12:36:54
PO101193,UA889B,2024-08-07 20:37:14,2024-08-07 21:23:56
PO100499,UA761B,2024-03-29 14:59:30,2024-03-29 15:47:33
PO101083,UA714D,2024-07-19 18:48:27,2024-07-19 19:27:26
PO100464,UA386A,22/03/2024 09:48,2024-03-22 10:34:55
PO100257,UA595C,2024-02-15 11:15:29,2024-02-15 11:41:14
PO103262,UA685F,2025-09-24 15:31:07,2025-09-24 16:18:05
PO101910,UA963C,2024-12-27 14:55:37,2024-12-27 15:59:07
PO100342,UA555D,2024-02-28 21:31:55,2024-02-28 22:08:45
PO102692,UA526A,2025-06-02 06:43:47,2025-06-02 07:45:29
PO102189,UA849G,2025-02-20 21:26:28,2025-02-20 22:53:39
PO100196,UA819H,2024-02-06 12:32:03,2024-02-06 13:01:28
PO100024,UA464E,2024-01-04 11:37:55,2024-01-04 12:16:23
PO100291,UA621H,2024-02-21 07:55:49,2024-02-21 08:49:34
PO102544,UA415B,2025-05-05 06:49:32,2025-05-05 07:28:53
PO101768,UA743A,2024-12-02 14:40:59,2024-12-02 15:30:50
PO102998,UA399F,2025-07-30 16:43:04,2025-07-30 18:12:19
PO100933,UA512B,2024-06-14 12:12:17,2024-06-14 13:14:21
PO101758,UA613H,,2024-11-30 11:27:38
PO100029,UA174H,2024-01-05 09:15:54,2024-01-05 09:42:02
PO103359,UA878A,2025-10-15 10:46:27,2025-10-15 11:30:21
PO101465,UA386G,2024-09-30 16:09:12,2024-09-30 17:03:51
PO100601,UA958H,2024-04-18 16:47:45,2024-04-18 17:45:23
PO103581,UA507C,2025-12-01 21:01:53,2025-12-01 22:39:59
PO102671,UA772E,2025-05-29 14:01:09,2025-05-29 14:41:13
PO102609,UA530E,2025-05-16 20:38:16,2025-05-16 22:04:24
PO101332,UA439A,2024-09-06 13:04:21,2024-09-06 14:12:30
PO100394,UA983F,2024-03-09 18:24:13,2024-03-09 19:39:43
PO101655,UA620F,2024-11-11 13:44:33,2024-11-11 14:27:14
PO100766,UA416H,2024-05-17 11:04:26,2024-05-17 12:17:29
PO101051,UA496B,2024-07-11 19:25:26,2024-07-11 20:18:04
PO100632,UA889G,2024-04-23 16:36:19,2024-04-23 17:18:38
PO103053,UA569H,2025-08-10 12:21:58,2025-08-10 13:17:51
PO100689,UA280C,2024-05-02 14:43:33,2024-05-02 15:45:57
PO101778,UA231H,2024-12-05 15:30:48,2024-12-05 16:21:54
PO102836,UA319D,2025-07-01 21:30:04,2025-07-01 22:15:58
PO101403,UA303G,2024-09-20 15:13:49,2024-09-20 16:11:17
PO102039,UA486F,2025-01-21 07:46:40,2025-01-21 08:45:25
PO100113,UA529F,2024-01-23 10:45:49,2024-01-23 11:21:57
PO102277,UA259C,2025-03-13 20:12:31,2025-03-13 21:19:05
PO101224,UA788C,2024-08-15 15:10:32,2024-08-15 16:02:30
PO100205,UA475H,2024-02-07 17:13:26,2024-02-07 18:30:13
PO100301,UA376H,2024-02-22 14:45:44,2024-02-22 15:37:10
PO102660,UA243B,2025-05-28 12:27:00,2025-05-28 13:26:19
PO103626,UA381F,2025-12-09 09:33:17,2025-12-09 10:26:17
PO102939,UA497C,2025-07-18 16:43:52,2025-07-18 17:41:56
PO100700,UA343E,2024-05-03 12:47:56,2024-05-03 13:37:21
PO102170,UA422D,2025-02-14 13:50:06,2025-02-14 14:01:33
PO102539,UA315B,2025-05-02 10:38:37,2025-05-02 11:19:18
PO102089,UA124F,2025-01-30 12:17:07,2025-01-30 13:29:42
PO100854,UA905H,2024-06-01 13:50:01,2024-06-01 15:16:13
PO101724,UA586D,2024-11-23 16:51:12,2024-11-23 17:50:54
PO101338,UA971G,2024-09-09 17:39:17,2024-09-09 18:43:09
PO102902,UA360F,2025-07-13 16:01:11,2025-07-13 17:05:15
PO102875,UA969D,2025-07-09 13:01:15,2025-07-09 13:42:13
PO102338,UA820E,2025-03-24 09:17:06,2025-03-24 10:22:50
PO103607,UA342B,2025-12-05 19:03:47,2025-12-05 19:55:55
PO103433,UA769E,2025-10-29 12:26:53,2025-10-29 13:05:32
PO102079,UA984E,2025-01-28 19:43:37,2025-01-28 21:06:56
PO103572,UA347E,2025-11-26 08:34:05,2025-11-26 09:44:50
PO100129,UA579G,2024-01-25 10:51:43,2024-01-25 11:43:11
PO102545,UA671H,2025-05-05 13:40:17,2025-05-05 14:14:28
PO101052,UA682F,2024-07-11 16:16:32,2024-07-11 17:27:55
PO102962,UA510D,2025-07-24 15:16:21,2025-07-24 16:05:52
PO100852,UA221G,2024-06-01 19:57:50,2024-06-01 20:28:39
PO100793,UA982E,2024-05-22 13:11:57,2024-05-22 14:28:36
PO102435,UA345H,2025-04-14 17:28:51,2025-04-14 18:09:52
PO100877,UA853E,2024-06-05 11:33:14,2024-06-05 12:40:57
PO103589,UA153H,2025-12-03 16:40:08,2025-12-03 16:57:36
PO102938,UA579B,2025-07-18 14:39:40,2025-07-18 15:38:56
PO102870,UA662E,2025-07-08 21:04:21,2025-07-08 21:41:19
PO100907,UA747C,2024-06-11 08:45:23,2024-06-11 09:37:03
PO100383,UA290C,2024-03-07 17:53:21,2024-03-07 18:29:50
PO100569,UA619F,2024-04-12 13:30:54,2024-04-12 14:16:41
PO101649,UA951F,2024-11-11 09:14:35,2024-11-11 10:41:46
PO100164,UA444C,2024-01-31 12:36:51,2024-01-31 13:24:02
PO101476,UA590D,2024-10-02 12:45:09,2024-10-02 13:42:44
PO101133,UA796B,2024-07-29 15:31:35,2024-07-29 16:18:43
PO101722,UA765A,2024-11-22 15:12:27,2024-11-22 16:09:37
PO100738,UA687A,2024-05-11 18:35:52,2024-05-11 19:27:00
PO101142,UA652H,2024-07-29 16:28:46,2024-07-29 17:22:55
PO102754,UA669E,2025-06-12 12:10:45,2025-06-12 13:02:43
PO103156,UA748D,2025-09-03 16:06:09,2025-09-03 16:54:05
PO100222,UA484E,2024-02-09 20:57:22,2024-02-09 21:15:45
PO102136,UA619A,2025-02-08 19:46:00,2025-02-08 20:39:58
PO102996,UA681A,2025-07-30 13:39:00,2025-07-30 14:14:13
PO101229,UA902A,2024-08-16 16:13:00,2024-08-16 16:57:55
PO100461,UA184D,2024-03-21 13:19:24,2024-03-21 14:29:08
PO100489,UA859G,2024-03-27 12:51:40,2024-03-27 14:07:09
PO103154,UA179D,2025-09-03 13:41:07,2025-09-03 14:41:13
PO101204,UA240C,2024-08-09 12:06:26,2024-08-09 13:04:15
PO102527,UA146B,2025-05-01 19:45:22,2025-05-01 20:41:31
PO103289,UA158G,2025-09-30 12:20:26,2025-09-30 13:15:27
PO100688,UA454C,2024-05-02 10:39:59,2024-05-02 11:46:51
PO100716,UA154C,2024-05-07 10:32:35,2024-05-07 11:52:18
PO101507,UA934F,2024-10-10 15:51:45,2024-10-10 16:55:05
PO100150,UA386E,2024-01-30 09:31:30,2024-01-30 10:43:57
PO101640,UA718G,2024-11-08 15:17:06,2024-11-08 16:00:19
PO103621,UA862F,2025-12-08 12:57:14,2025-12-08 14:06:00
PO101883,UA626C,2024-12-23 11:13:54,2024-12-23 11:53:44
PO100487,UA105B,2024-03-27 15:30:33,2024-03-27 16:26:07
PO100299,UA669H,2024-02-22 16:01:16,2024-02-22 16:48:48
PO100889,UA130F,2024-06-07 09:42:41,2024-06-07 10:42:51
PO100256,UA852D,2024-02-15 16:39:33,2024-02-15 17:18:38
PO102807,UA996B,2025-06-24 15:01:00,2025-06-24 15:33:42
PO103224,UA321F,2025-09-16 15:56:38,2025-09-16 17:11:05
PO100098,UA624B,2024-01-20 12:35:22,2024-01-20 13:48:36
PO102106,UA645H,2025-02-01 19:32:16,2025-02-01 20:26:24
PO101178,UA949H,2024-08-05 15:19:04,2024-08-05 16:05:56
PO100508,UA916D,2024-03-30 16:50:51,2024-03-30 17:55:46
PO100765,UA618B,2024-05-17 21:40:00,2024-05-17 22:25:52
PO102786,UA784A,2025-06-19 21:58:52,2025-06-19 22:38:50
PO102033,UA110F,2025-01-20 11:17:57,2025-01-20 12:31:31
PO102737,UA918E,2025-06-09 07:19:12,2025-06-09 08:21:11
PO100687,UA554D,2024-05-01 13:30:39,2024-05-01 14:18:37
PO101780,UA209B,2024-12-05 22:41:33,2024-12-05 23:42:30
PO101631,UA687F,2024-11-07 08:33:23,2024-11-07 09:32:13
PO100032,UA112A,2024-01-07 14:40:54,2024-01-07 15:28:18
PO103143,UA184H,2025-08-29 07:48:58,2025-08-29 08:59:15
PO100811,UA968D,2024-05-25 09:46:20,2024-05-25 10:19:51
PO103216,UA235G,2025-09-15 17:00:12,2025-09-15 17:57:04
PO103379,UA631F,2025-10-18 07:21:57,2025-10-18 08:22:30
PO101289,UA501C,2024-08-30 12:42:39,2024-08-30 13:16:51
PO100240,UA186E,2024-02-13 13:37:40,2024-02-13 14:40:05
PO103240,UA353H,2025-09-20 14:29:41,2025-09-20 15:36:35
PO100185,UA759F,2024-02-02 16:45:25,2024-02-02 17:24:48
PO100797,UA170B,2024-05-22 15:37:52,2024-05-22 16:16:58
PO103606,UA450E,2025-12-05 13:34:34,2025-12-05 14:30:21
PO101796,UA222E,2024-12-09 20:28:51,2024-12-09 21:30:44
PO102795,UA448C,2025-06-22 14:02:56,2025-06-22 14:42:12
PO100904,UA868E,2024-06-10 17:36:40,2024-06-10 18:38:16
PO103319,UA190E,2025-10-04 12:38:20,2025-10-04 13:02:16
PO101939,UA928H,2025-01-02 09:18:30,2025-01-02 09:56:30
PO101312,UA299B,2024-09-03 15:55:15,2024-09-03 16:35:44
PO103207,UA620C,2025-09-13 16:57:11,2025-09-13 17:42:23
PO101071,UA560E,2024-07-16 13:45:17,2024-07-16 14:38:45
PO101223,UA946B,2024-08-14 13:37:37,2024-08-14 14:52:42
PO102044,UA211E,2025-01-22 09:37:55,2025-01-22 10:20:07
PO103509,UA736E,2025-11-13 13:21:00,2025-11-13 14:12:28
PO103664,UA292H,2025-12-16 09:10:53,2025-12-16 10:11:29
PO101779,UA212F,2024-12-05 10:09:32,2024-12-05 11:06:39
PO100701,UA723H,2024-05-03 14:18:51,2024-05-03 15:31:10
PO102471,UA190G,2025-04-21 16:22:27,2025-04-21 17:41:02
PO102182,UA604F,2025-02-18 17:07:57,2025-02-18 17:55:59
PO100479,UA786H,2024-03-26 07:39:32,2024-03-26 08:42:59
PO100344,UA162F,2024-02-29 19:23:24,2024-02-29 20:14:47
PO101331,UA564A,2024-09-06 14:14:56,2024-09-06 15:01:26
PO101949,UA810A,2025-01-04 09:43:37,2025-01-04 10:28:06
PO102845,UA482A,2025-07-03 11:43:34,2025-07-03 12:50:49
PO102160,UA691G,2025-02-13 11:26:26,2025-02-13 12:37:33
PO103653,UA940D,2025-12-15 18:20:35,2025-12-15 19:12:15
PO102154,UA890G,2025-02-12 13:29:48,2025-02-12 14:21:01
PO102009,UA779G,2025-01-16 22:36:21,2025-01-16 23:21:20
PO101126,UA628B,2024-07-27 21:39:56,2024-07-27 22:16:53
PO100863,UA803H,2024-06-03 14:42:03,2024-06-03 15:30:23
PO102200,UA962A,2025-02-24 13:44:12,2025-02-24 14:59:32
PO100939,UA713C,2024-06-17 11:55:13,2024-06-17 12:34:35
PO102547,UA845B,2025-05-05 09:34:01,2025-05-05 10:03:12
PO100358,UA641A,2024-03-02 14:12:52,2024-03-02 15:23:13
PO103681,UA176E,2025-12-18 14:36:22,2025-12-18 15:15:32
PO103177,UA436B,,2025-09-08 15:11:42
PO102054,UA513E,2025-01-23 19:02:01,2025-01-23 20:13:08
PO100536,UA325D,,2024-04-04 08:48:57
PO101541,UA928G,,2024-10-18 23:48:32
PO102732,UA967F,2025-06-06 16:12:27,2025-06-06 17:24:01
PO102063,UA301H,2025-01-24 09:57:33,2025-01-24 10:45:22
PO103039,UA334H,2025-08-07 21:50:17,2025-08-07 23:06:51
PO101280,UA696B,2024-08-29 09:00:45,2024-08-29 09:56:24
PO102181,UA125F,2025-02-18 08:28:41,2025-02-18 09:22:11
PO101378,UA590E,2024-09-14 14:17:10,2024-09-14 14:51:58
PO101123,UA284D,2024-07-26 11:36:47,2024-07-26 12:53:05
PO103418,UA731H,2025-10-25 16:06:13,2025-10-25 16:53:36
PO101442,UA652E,2024-09-26 18:00:29,2024-09-26 18:53:15
PO102644,UA746H,2025-05-22 14:23:26,2025-05-22 15:11:54
PO103242,UA153H,2025-09-20 06:56:27,2025-09-20 07:45:34
PO102236,UA167H,2025-03-04 11:30:40,2025-03-04 12:16:48
PO101773,UA106H,2024-12-03 07:00:32,2024-12-03 08:41:45
PO102928,UA396D,2025-07-17 17:53:39,2025-07-17 18:32:27
PO103249,UA653A,2025-09-22 17:41:29,2025-09-22 18:22:24
PO101568,UA836E,2024-10-25 17:47:01,2024-10-25 19:15:15
PO100233,UA718F,2024-02-10 17:30:47,2024-02-10 18:43:02
PO100681,UA353F,2024-05-01 12:16:20,2024-05-01 13:17:05
PO101943,UA790B,2025-01-03 12:44:57,2025-01-03 13:27:06
PO102853,UA561D,2025-07-05 12:36:42,2025-07-05 13:36:41
PO100312,UA507F,2024-02-24 13:53:33,2024-02-24 14:33:56
PO101044,UA967B,2024-07-10 10:11:35,2024-07-10 11:08:10
PO103182,UA573A,2025-09-08 16:36:45,2025-09-08 17:28:21
PO103432,UA765E,2025-10-28 19:51:09,2025-10-28 20:30:40
PO101451,UA905E,2024-09-28 22:20:55,2024-09-28 23:40:01
PO103094,UA222E,2025-08-19 13:07:15,2025-08-19 14:24:58
PO101536,UA884H,2024-10-17 10:15:55,2024-10-17 11:22:55
PO102248,UA750C,2025-03-06 12:08:14,2025-03-06 12:49:30
PO103417,UA651A,2025-10-25 09:46:34,2025-10-25 10:38:55
PO101621,UA259B,2024-11-05 17:44:58,2024-11-05 18:42:50
PO100380,UA300C,2024-03-06 13:43:27,2024-03-06 14:16:14
PO100690,UA295F,2024-05-02 16:45:58,2024-05-02 17:47:33
PO101222,UA578F,2024-08-14 12:48:48,2024-08-14 13:55:51
PO103636,UA418B,2025-12-11 13:23:26,2025-12-11 14:22:05
PO101238,UA981B,2024-08-18 14:07:41,2024-08-18 14:52:55
PO103253,UA172D,2025-09-23 20:01:05,2025-09-23 20:51:30
PO101288,UA789C,2024-08-30 15:26:51,2024-08-30 16:16:33
PO101184,UA141A,2024-08-06 15:43:18,2024-08-06 16:28:26
PO100664,UA166F,2024-04-28 10:48:36,2024-04-28 11:46:13
PO103500,UA700B,2025-11-11 14:18:40,2025-11-11 15:15:27
PO103026,UA923H,2025-08-05 13:49:07,2025-08-05 14:48:27
PO101624,UA852C,2024-11-06 16:46:53,2024-11-06 17:29:00
PO100950,UA110G,2024-06-19 17:47:34,2024-06-19 18:44:59
PO102931,UA323F,2025-07-17 12:26:54,2025-07-17 13:17:54
PO101505,UA568C,2024-10-10 12:13:48,2024-10-10 13:15:23
PO100514,UA693B,2024-04-01 14:47:04,2024-04-01 15:41:15
PO100634,UA207D,2024-04-23 09:29:50,2024-04-23 10:21:18
PO101238,UA981B,2024-08-18 14:07:41,2024-08-18 14:52:55
PO101041,UA651F,2024-07-09 18:35:23,2024-07-09 19:48:27
PO102208,UA713A,2025-02-25 17:27:29,2025-02-25 18:34:00
PO103347,UA435G,2025-10-12 12:16:08,2025-10-12 12:50:52
PO103190,UA570D,2025-09-10 19:50:06,2025-09-10 20:54:39
PO100918,UA556E,2024-06-12 14:52:47,2024-06-12 15:55:23
PO103648,UA827D,2025-12-13 13:37:39,2025-12-13 14:44:16
PO101188,UA612C,2024-08-06 17:47:12,2024-08-06 19:07:29
PO100714,UA253F,2024-05-07 20:53:32,2024-05-07 22:06:34
PO101742,UA586F,2024-11-26 15:16:53,2024-11-26 16:13:19
PO103571,UA670E,2025-11-26 18:34:15,2025-11-26 19:27:27
PO101590,UA326C,2024-10-29 19:36:49,2024-10-29 20:28:01
PO103513,UA677B,2025-11-13 21:41:15,2025-11-13 22:44:45
PO101039,UA540E,2024-07-09 11:49:11,2024-07-09 22:33:33
PO103091,UA955H,2025-08-19 14:51:41,2025-08-19 15:24:24
PO100908,UA900E,,2024-06-11 19:36:17
PO101735,UA202B,2024-11-25 13:18:31,2024-11-25 14:11:03
PO100572,UA811B,2024-04-12 11:26:30,2024-04-12 12:33:17
PO100315,UA997A,2024-02-26 13:16:02,2024-02-26 14:11:34
PO103005,UA502E,2025-08-01 12:39:04,2025-08-01 13:35:02
PO101195,UA895E,2024-08-08 08:46:58,2024-08-08 09:24:43
PO102176,UA627C,2025-02-17 10:38:25,2025-02-17 11:23:26
PO102666,UA189F,2025-05-28 10:05:53,2025-05-28 11:12:18
PO100442,UA460A,2024-03-18 16:46:43,2024-03-18 17:44:31
PO102308,UA471B,2025-03-18 12:18:44,2025-03-18 13:18:21
PO103429,UA130C,2025-10-28 12:12:47,2025-10-28 12:59:54
PO102053,UA368A,2025-01-23 14:06:41,2025-01-23 15:20:03
PO100615,UA639G,2024-04-20 09:03:37,2024-04-20 09:59:14
PO102957,UA634E,2025-07-24 16:28:43,2025-07-24 17:05:41
PO100282,UA486B,2024-02-20 18:53:04,2024-02-20 20:08:14
PO102588,UA800B,2025-05-13 21:35:19,2025-05-13 22:41:45
PO100163,UA990D,,2024-01-31 19:49:24
PO101644,UA307G,2024-11-09 15:16:55,2024-11-09 16:12:01
PO102317,UA623F,2025-03-20 10:06:00,2025-03-20 10:49:48
PO100101,UA455C,2024-01-21 13:37:37,2024-01-21 14:43:02
PO103096,UA535F,2025-08-19 13:43:26,2025-08-19 15:23:36
PO102604,UA368E,2025-05-15 16:11:23,2025-05-15 16:42:31
PO103205,UA477E,2025-09-12 14:13:46,2025-09-12 15:05:40
PO103592,UA577H,2025-12-03 20:55:18,2025-12-03 21:44:47
PO100409,UA450F,2024-03-13 21:42:11,2024-03-13 23:05:28
PO101383,UA118G,2024-09-16 15:44:08,2024-09-16 16:15:10
PO101848,UA450D,2024-12-16 10:28:21,2024-12-16 11:20:57
PO102034,UA747G,2025-01-20 16:58:16,2025-01-20 17:49:16
PO103172,UA726A,2025-09-07 19:09:50,2025-09-07 19:54:30
PO101851,UA767B,2024-12-16 09:35:59,2024-12-16 10:23:44
PO100403,UA925G,2024-03-12 06:54:02,2024-03-12 07:30:31
PO100994,UA141F,2024-06-28 18:34:21,2024-06-28 19:37:48
PO101932,UA232B,2025-01-01 14:49:49,2025-01-01 15:50:15
PO100488,UA252D,2024-03-27 07:25:10,2024-03-27 08:04:51
PO101892,UA841D,2024-12-24 21:26:36,2024-12-24 22:38:38
PO101235,UA463C,2024-08-17 19:14:51,2024-08-17 20:19:47
PO101440,UA575D,2024-09-25 13:30:22,2024-09-25 14:36:06
PO103385,UA164F,2025-10-21 10:42:41,2025-10-21 11:51:42
PO102477,UA438G,2025-04-22 06:51:16,2025-04-22 07:33:25
PO100044,UA541D,2024-01-09 14:59:24,2024-01-09 15:52:31
PO102106,UA645H,2025-02-01 19:32:16,2025-02-01 20:26:24
PO101452,UA557A,2024-09-28 11:34:59,2024-09-28 12:11:51
PO100140,UA550H,2024-01-27 14:29:39,2024-01-27 15:46:35
PO103293,UA309D,2025-09-30 06:55:03,2025-09-30 07:33:47
PO102344,UA977C,2025-03-25 17:17:41,2025-03-25 18:16:20
PO101850,UA291D,2024-12-16 06:55:32,2024-12-16 07:59:34
PO100249,UA521A,2024-02-14 10:47:41,2024-02-14 11:34:27
PO101348,UA772B,2024-09-10 12:37:10,2024-09-10 14:02:06
PO100961,UA532G,2024-06-21 09:57:29,2024-06-21 10:47:30
PO101822,UA431B,2024-12-12 12:31:59,2024-12-12 13:22:21
PO103060,UA324G,2025-08-12 16:22:09,2025-08-12 17:13:57
PO102392,UA220E,2025-04-04 14:38:25,2025-04-04 15:28:44
PO103687,UA454F,2025-12-19 15:39:29,2025-12-19 16:47:11
PO103030,UA923D,2025-08-05 14:28:35,2025-08-05 15:16:58
PO103441,UA463H,2025-10-30 12:21:02,2025-10-30 13:11:05
PO101959,UA593B,2025-01-06 15:23:31,2025-01-06 16:36:09
PO103471,UA766G,2025-11-04 13:44:13,2025-11-04 14:57:42
PO103295,UA882G,2025-09-30 10:55:21,2025-09-30 11:45:54
PO103438,UA213G,2025-10-29 14:02:44,2025-10-29 15:17:24
PO102959,UA181D,2025-07-24 07:52:36,2025-07-24 09:17:00
PO100771,UA594D,2024-05-17 07:30:25,2024-05-17 08:06:25
PO102271,UA936F,2025-03-12 10:44:10,2025-03-12 11:22:52
PO100562,UA573D,2024-04-11 16:45:30,2024-04-11 17:18:51
PO102268,UA933D,2025-03-11 14:43:28,2025-03-11 15:39:26
PO102738,UA828H,,2025-06-09 08:57:51
PO103691,UA991D,2025-12-23 14:18:55,2025-12-23 15:09:13
PO101200,UA637D,2024-08-09 09:48:16,2024-08-09 10:25:44
PO103202,UA892C,2025-09-12 16:12:28,2025-09-12 16:45:32
PO100519,UA760D,2024-04-02 15:29:00,2024-04-02 16:19:39
PO101202,UA806D,2024-08-09 17:18:47,2024-08-09 18:27:40
PO100012,UA886C,2024-01-02 17:55:14,2024-01-02 18:59:30
PO103194,UA201D,2025-09-10 13:57:12,2025-09-10 15:04:14
PO101058,UA954D,2024-07-12 14:54:52,2024-07-12 15:53:40
PO102682,UA705E,2025-05-30 16:27:33,2025-05-30 17:32:35
PO102940,UA124E,2025-07-18 08:04:16,2025-07-18 09:24:49
PO100041,UA944G,2024-01-08 17:51:55,2024-01-08 18:45:43
PO100284,UA223C,2024-02-20 16:16:53,2024-02-20 17:09:55
PO102563,UA880A,2025-05-07 21:14:49,2025-05-07 22:33:07
PO101894,UA137G,2024-12-25 13:36:42,2024-12-25 14:45:59
PO100709,UA683H,2024-05-06 16:11:22,2024-05-06 16:58:22
PO101664,UA718E,2024-11-12 21:38:39,2024-11-12 22:19:23
PO102297,UA692H,2025-03-17 13:21:19,2025-03-17 14:23:25
PO101800,UA449E,2024-12-10 15:10:56,2024-12-10 16:07:37
PO101460,UA738D,2024-09-30 12:31:47,2024-09-30 13:35:15
PO100760,UA640D,2024-05-16 13:40:21,2024-05-16 14:36:04
PO102229,UA514D,2025-03-03 07:58:21,2025-03-03 08:24:09
PO100280,UA611D,2024-02-20 21:20:39,2024-02-20 22:17:56
PO100206,UA227G,2024-02-07 17:53:49,2024-02-07 18:58:17
PO100120,UA431E,24/01/2024 16:16,2024-01-24 17:40:42
PO102152,UA962H,2025-02-12 17:16:24,2025-02-12 17:56:44
PO101864,UA296E,2024-12-18 15:16:17,2024-12-18 15:58:04
PO100027,UA908C,2024-01-05 11:11:55,2024-01-05 12:13:45
PO100897,UA545C,,2024-06-09 18:14:08
PO100816,UA516D,2024-05-27 13:43:20,2024-05-27 14:32:37
PO100086,UA733F,2024-01-18 12:33:43,2024-01-18 14:04:33
PO101546,UA689E,2024-10-19 08:19:57,2024-10-19 09:13:05
PO103475,UA861H,2025-11-04 15:35:56,2025-11-04 16:20:37
PO102320,UA930A,2025-03-21 13:13:19,2025-03-21 14:01:55
PO102031,UA976D,2025-01-20 15:31:48,2025-01-20 16:51:38
PO101925,UA771D,2024-12-31 20:28:29,2024-12-31 21:28:44
PO102056,UA283H,2025-01-23 06:55:11,2025-01-23 07:53:24
PO103104,UA783E,2025-08-21 10:31:02,2025-08-21 11:34:06
PO101381,UA783H,2024-09-16 10:40:55,2024-09-16 11:43:35
PO100080,UA928B,2024-01-17 13:20:31,2024-01-17 13:56:12
PO100876,UA600D,2024-06-05 17:46:58,2024-06-05 18:38:05
PO100148,UA128E,2024-01-29 14:45:10,2024-01-29 15:19:49
PO102884,UA548G,2025-07-09 15:09:10,2025-07-09 16:25:40
PO101701,UA896D,2024-11-19 18:17:22,2024-11-19 18:50:15
PO101094,UA174F,2024-07-21 21:21:06,2024-07-21 22:15:52
PO102528,UA176G,2025-05-01 13:50:40,2025-05-01 14:52:44
PO101843,UA852B,2024-12-16 15:14:17,2024-12-16 16:16:24
PO102722,UA280H,2025-06-06 07:36:51,2025-06-06 08:41:15
PO100528,UA569H,2024-04-03 10:04:37,2024-04-03 10:36:04
PO102592,UA745A,2025-05-14 12:24:07,2025-05-14 13:44:30
PO102824,UA681A,2025-06-28 13:02:07,2025-06-28 14:07:09
PO102010,UA367F,2025-01-16 15:22:39,2025-01-16 16:11:16
PO100800,UA933A,2024-05-22 08:06:18,2024-05-22 08:29:33
PO100566,UA210F,2024-04-11 21:33:15,2024-04-11 22:18:38
PO101945,UA391D,2025-01-03 18:44:06,2025-01-03 19:39:26
PO101088,UA268A,2024-07-19 11:22:15,2024-07-19 12:12:57
PO100311,UA991E,2024-02-24 09:36:15,2024-02-24 10:22:14
PO102108,UA603D,2025-02-03 11:27:25,2025-02-03 12:33:50
PO100382,UA371H,2024-03-07 14:31:12,2024-03-07 15:13:54
PO103084,UA793E,2025-08-18 11:54:44,2025-08-18 12:33:20
PO102531,UA840B,2025-05-01 11:10:42,2025-05-01 12:13:41
PO103430,UA239D,2025-10-28 17:06:26,2025-10-28 18:19:39
PO101702,UA990D,2024-11-20 13:43:56,2024-11-20 14:51:34
PO100520,UA553F,2024-04-02 16:23:56,2024-04-02 17:47:55
PO101103,UA148E,2024-07-23 17:55:47,2024-07-23 19:04:14
PO100597,UA470D,2024-04-17 11:18:45,2024-04-17 12:06:23
PO101086,UA907B,2024-07-19 17:06:51,2024-07-19 17:55:59
PO103732,UA115A,2025-12-31 09:10:17,2025-12-31 14:14:36
PO103464,UA523A,2025-11-03 12:23:12,2025-11-03 13:26:18
PO101962,UA303F,2025-01-07 17:44:36,2025-01-07 18:30:56
PO102913,UA698B,2025-07-15 12:33:02,2025-07-15 13:39:16
PO100493,UA931D,2024-03-28 09:44:31,2024-03-28 10:43:27
PO100579,UA526B,2024-04-14 14:10:05,2024-04-14 14:50:17
PO101860,UA350H,,2024-12-17 20:11:38
PO102052,UA571D,2025-01-23 09:59:18,2025-01-23 10:57:42
PO103152,UA363G,2025-09-02 16:40:50,2025-09-02 17:11:58
PO102540,UA960A,2025-05-02 14:25:05,2025-05-02 15:11:33
PO102667,UA567D,2025-05-28 14:45:06,2025-05-28 15:48:07
PO101730,UA632B,2024-11-25 18:22:34,2024-11-25 19:08:06
PO102012,UA371E,2025-01-16 13:55:49,2025-01-16 15:07:14
PO102948,UA913D,2025-07-21 12:41:27,2025-07-21 13:51:34
PO103236,UA952C,2025-09-19 12:52:31,2025-09-19 14:09:18
PO101747,UA163E,2024-11-27 15:08:08,2024-11-27 16:05:34
PO102094,UA318D,2025-01-30 15:42:13,2025-01-30 16:41:30
PO103695,UA952A,2025-12-23 14:51:50,2025-12-23 15:42:56
PO102746,UA714C,2025-06-10 11:57:26,2025-06-10 13:09:32
PO102313,UA309A,2025-03-19 12:46:21,2025-03-19 13:28:56
PO102673,UA195A,2025-05-29 16:12:12,2025-05-29 16:58:57
PO103119,UA566A,2025-08-24 15:16:37,2025-08-24 16:11:59
PO102841,UA194B,2025-07-02 16:23:00,2025-07-02 17:21:00
PO100145,UA264E,2024-01-29 17:13:29,2024-01-29 17:39:59
PO102151,UA658G,2025-02-12 16:56:00,2025-02-12 17:35:06
PO100521,UA228F,2024-04-03 16:31:59,2024-04-03 17:13:06
PO102793,UA432C,2025-06-21 12:14:37,2025-06-21 13:18:04
PO102716,UA703F,2025-06-05 11:19:05,2025-06-05 11:57:47
PO102333,UA160F,2025-03-24 20:07:29,2025-03-24 20:50:08
PO103651,UA822D,2025-12-15 09:49:00,2025-12-15 10:44:11
PO103460,UA400G,2025-11-01 13:28:33,2025-11-01 14:21:20
PO100954,UA869D,2024-06-19 13:29:59,2024-06-19 14:47:20
PO102787,UA191A,2025-06-19 09:29:22,2025-06-19 10:20:09
PO101543,UA280G,2024-10-18 12:49:49,2024-10-18 14:01:25
PO100921,UA498H,2024-06-12 16:43:18,2024-06-12 17:42:40
PO100780,UA843B,2024-05-20 16:41:47,2024-05-20 17:25:06
PO100451,UA995C,2024-03-20 11:05:39,2024-03-20 11:49:14
PO101681,UA590E,2024-11-15 08:50:16,2024-11-15 09:10:37
PO100931,UA206G,2024-06-14 09:07:07,2024-06-14 10:08:30
PO101798,UA712A,2024-12-10 07:29:02,2024-12-10 08:31:20
PO102375,UA835D,2025-04-02 12:02:31,2025-04-02 12:30:27
PO102925,UA354B,2025-07-16 13:01:37,2025-07-16 14:09:11
PO100434,UA342D,2024-03-18 09:48:52,2024-03-18 10:19:29
PO100395,UA264G,2024-03-09 09:09:23,2024-03-09 09:46:08
PO103176,UA351A,2025-09-08 19:12:16,2025-09-08 20:20:56
PO100759,UA930A,2024-05-15 17:51:00,2024-05-15 18:42:53
PO102157,UA132C,2025-02-13 09:31:09,2025-02-13 10:37:20
PO101438,UA282D,2024-09-25 13:22:11,2024-09-25 14:44:26
PO103386,UA386F,2025-10-21 18:21:40,2025-10-21 19:15:44
PO100983,UA737H,2024-06-27 16:02:10,2024-06-27 16:36:24
PO103300,UA545F,2025-10-01 15:28:15,2025-10-01 16:29:56
PO101061,UA279A,2024-07-15 14:17:11,2024-07-15 14:53:25
PO102158,UA961B,2025-02-13 17:12:51,2025-02-13 18:30:28
PO103265,UA931B,2025-09-24 20:49:22,2025-09-24 21:44:06
PO102396,UA761A,2025-04-06 11:48:53,2025-04-06 12:27:55
PO100034,UA206B,2024-01-08 09:47:35,2024-01-08 10:33:19
PO102327,UA181H,2025-03-22 21:56:01,2025-03-22 22:55:10
PO102537,UA591D,2025-05-02 07:52:43,2025-05-02 08:56:26
PO103387,UA834D,2025-10-21 20:03:09,2025-10-21 20:39:31
PO100207,UA316E,2024-02-07 08:09:26,2024-02-07 08:54:56
PO101905,UA789F,2024-12-27 17:16:12,2024-12-27 17:42:39
PO102762,UA969D,2025-06-14 17:41:28,2025-06-14 18:16:32
PO101182,UA918D,2024-08-06 15:12:47,2024-08-06 16:03:01
PO100749,UA209E,2024-05-14 10:07:06,2024-05-14 10:43:08
PO101539,UA409E,2024-10-17 19:53:47,2024-10-17 21:03:34
PO101877,UA287H,2024-12-21 06:39:41,2024-12-21 07:42:16
PO102675,UA869C,2025-05-29 17:36:04,2025-05-29 18:43:04
PO100949,UA942B,2024-06-19 12:35:34,2024-06-19 14:14:17
PO100928,UA528F,2024-06-14 17:33:15,2024-06-14 18:07:00
PO102752,UA927A,2025-06-11 21:08:39,2025-06-11 22:08:31
PO103643,UA381D,2025-12-12 09:34:39,2025-12-12 10:42:53
PO101323,UA990H,2024-09-04 11:54:06,2024-09-04 12:56:29
PO103351,UA963D,2025-10-13 19:09:00,2025-10-13 20:02:22
PO101841,UA483B,2024-12-16 10:22:07,2024-12-16 11:29:29
PO102438,UA189H,2025-04-14 14:42:51,2025-04-14 15:42:32
PO101509,UA794C,2024-10-11 16:51:17,2024-10-11 18:07:07
PO100021,UA541C,2024-01-04 21:00:11,2024-01-04 22:19:10
PO100869,UA877G,2024-06-04 10:56:21,2024-06-04 12:03:40
PO103619,UA766D,2025-12-08 20:37:14,2025-12-08 21:56:42
PO100122,UA878G,2024-01-24 13:28:31,2024-01-24 14:20:09
PO100635,UA303B,2024-04-23 10:54:05,2024-04-23 11:31:55
PO100200,UA191F,2024-02-06 16:35:18,2024-02-06 17:44:39
PO100221,UA905D,2024-02-09 15:29:42,2024-02-09 16:13:45
PO100704,UA531C,2024-05-06 13:42:18,2024-05-06 14:06:07
PO103174,UA113H,2025-09-08 14:43:42,2025-09-08 15:36:12
PO100580,UA951H,2024-04-15 16:59:32,2024-04-15 18:33:57
PO103443,UA834F,2025-10-30 14:38:25,2025-10-30 15:20:42
PO100745,UA372A,,2024-05-14 14:57:44
PO103315,UA773D,2025-10-04 12:39:50,2025-10-04 13:53:29
PO100037,UA454E,2024-01-08 12:51:05,2024-01-08 13:51:33
PO100305,UA691B,2024-02-23 11:08:49,2024-02-23 12:12:21
PO101050,UA626F,2024-07-11 08:09:19,2024-07-11 09:05:51
PO100522,UA537A,,2024-04-03 20:21:48
PO100706,UA508A,06/05/2024 14:30,2024-05-06 15:28:39
PO100019,UA656E,2024-01-04 11:42:41,2024-01-04 21:23:59
PO100665,UA183A,2024-04-29 07:35:05,2024-04-29 08:29:23
PO102120,UA347E,2025-02-05 20:24:05,2025-02-05 21:41:10
PO101097,UA182E,2024-07-22 10:10:46,2024-07-22 10:59:26
PO100100,UA698E,2024-01-20 10:03:04,2024-01-20 10:37:46
PO103730,UA885B,2025-12-30 12:45:50,2025-12-30 13:28:14
PO100047,UA836E,2024-01-09 12:57:54,2024-01-09 13:41:18
PO101164,UA964G,2024-08-01 09:08:43,2024-08-01 10:31:51
PO101146,UA140A,2024-07-30 14:24:06,2024-07-30 15:08:44
PO100613,UA347A,2024-04-19 19:01:08,2024-04-19 20:08:25
PO102258,UA515H,2025-03-10 16:13:06,2025-03-10 16:36:45
PO103059,UA850H,2025-08-11 13:22:09,2025-08-11 14:00:32
PO100867,UA369F,2024-06-04 17:36:00,2024-06-04 18:40:14
PO100486,UA925H,2024-03-27 20:34:06,2024-03-27 21:38:51
PO101723,UA364C,2024-11-23 16:12:05,2024-11-23 17:10:08
PO102987,UA498F,2025-07-29 13:09:54,2025-07-29 13:52:25
PO101495,UA544H,2024-10-09 18:02:32,2024-10-09 18:44:16
PO102951,UA947A,2025-07-22 17:54:39,2025-07-22 19:00:39
PO102709,UA210A,2025-06-04 07:21:28,2025-06-04 08:14:58
PO101751,UA726A,2024-11-28 18:32:38,2024-11-28 20:04:03
PO103118,UA938F,2025-08-23 14:36:02,2025-08-23 15:30:37
PO100523,UA478G,2024-04-03 13:47:12,2024-04-03 14:44:56
PO102848,UA225C,2025-07-03 15:45:16,2025-07-03 16:52:52
PO101095,UA234G,2024-07-22 14:36:49,2024-07-22 15:25:26
PO101589,UA936C,2024-10-29 16:05:34,2024-10-29 17:08:34
PO102805,UA716H,2025-06-24 11:48:51,2025-06-24 13:06:05
PO103120,UA776F,2025-08-25 06:52:52,2025-08-25 07:41:56
PO100079,UA117F,2024-01-17 12:25:36,2024-01-17 13:29:37
PO103713,UA579F,2025-12-26 17:19:36,2025-12-26 18:37:12
PO101199,UA321F,2024-08-08 11:27:37,2024-08-08 12:36:22
PO102287,UA801F,2025-03-14 13:24:18,2025-03-14 14:01:43
PO102000,UA668F,2025-01-14 10:02:16,2025-01-14 11:02:02
PO101935,UA269A,2025-01-01 12:33:55,2025-01-01 13:30:27
PO103286,UA241G,2025-09-29 18:01:45,2025-09-29 18:52:58
PO102193,UA245C,2025-02-21 09:14:22,2025-02-21 09:49:48
PO101177,UA709G,2024-08-05 14:15:58,2024-08-05 15:18:54
PO103565,UA836F,2025-11-25 14:23:03,2025-11-25 15:21:46
PO102898,UA373B,2025-07-12 10:24:37,2025-07-12 11:16:07
PO103671,UA375B,2025-12-17 16:18:27,2025-12-17 16:53:44
PO102731,UA175F,2025-06-06 18:18:13,2025-06-06 19:12:43
PO102837,UA936A,2025-07-02 11:19:15,2025-07-02 12:25:27
PO103435,UA198H,2025-10-29 19:13:52,2025-10-29 20:10:36
PO101756,UA372G,2024-11-29 21:32:05,2024-11-29 22:49:52
PO101550,UA979H,2024-10-22 09:44:33,2024-10-22 10:43:22
PO101218,UA387C,2024-08-13 09:32:33,2024-08-13 10:45:52
PO103406,UA303B,2025-10-23 04:00:23,2025-10-23 10:35:09
PO100505,UA128D,2024-03-30 12:53:59,2024-03-30 14:01:25
PO102929,UA469A,2025-07-17 17:49:53,2025-07-17 18:35:29
PO101875,UA745E,2024-12-20 16:51:08,2024-12-20 17:31:05
PO103625,UA360E,2025-12-09 13:37:23,2025-12-09 14:53:11
PO102885,UA736A,2025-07-10 12:59:08,2025-07-10 13:46:57
PO103444,UA743D,2025-10-30 13:23:57,2025-10-30 14:39:08
PO101575,UA696H,2024-10-25 19:36:23,2024-10-25 20:28:51
PO101911,UA237C,2024-12-27 17:51:41,2024-12-27 18:19:45
PO102854,UA622F,2025-07-05 13:42:11,2025-07-05 14:48:02
PO103294,UA122A,2025-09-30 12:02:29,2025-09-30 12:38:02
PO102633,UA837F,2025-05-21 10:15:57,2025-05-21 11:27:24
PO101684,UA614D,2024-11-15 21:38:55,2024-11-15 22:39:49
PO101594,UA255D,2024-10-30 14:40:22,2024-10-30 16:10:04
PO102114,UA797C,2025-02-05 12:16:17,2025-02-05 13:12:54
PO100543,UA542E,2024-04-04 07:00:36,2024-04-04 08:06:15
PO103505,UA691H,2025-11-12 12:34:51,2025-11-12 13:37:17
PO103000,UA525C,2025-07-31 13:26:38,2025-07-31 14:19:15
PO102825,UA541A,2025-06-28 07:08:33,2025-06-28 07:48:41
PO103677,UA408B,2025-12-18 11:45:51,2025-12-18 12:26:09
PO100538,UA720F,2024-04-04 07:31:55,2024-04-04 08:12:26
PO103333,UA300F,2025-10-08 13:40:01,2025-10-08 14:45:25
PO102340,UA191A,2025-03-24 22:10:46,2025-03-24 23:04:39
PO103317,UA313B,,2025-10-04 11:14:34
PO102282,UA452C,2025-03-13 11:50:04,2025-03-13 12:40:02
PO101697,UA644D,2024-11-19 12:44:18,2024-11-19 13:47:17
PO103586,UA698F,2025-12-02 13:14:52,2025-12-02 13:59:13
PO102627,UA542A,2025-05-21 12:52:48,2025-05-21 14:02:33
PO102260,UA720C,10/03/2025 10:48,2025-03-10 11:38:31
PO100753,UA623H,2024-05-15 08:36:31,2024-05-15 09:42:39
PO102881,UA389H,2025-07-09 09:14:23,2025-07-09 10:24:20
PO100244,UA742C,2024-02-13 13:11:44,2024-02-13 14:18:25
PO102873,UA509D,2025-07-09 16:44:06,2025-07-09 17:46:12
PO101678,UA239F,2024-11-15 13:23:21,2024-11-15 14:19:22
PO102041,UA131A,2025-01-22 07:51:35,2025-01-22 08:17:51
PO102755,UA487C,2025-06-13 15:06:21,2025-06-13 15:56:00
PO102704,UA311A,2025-06-03 10:31:08,2025-06-03 11:13:25
PO102849,UA963D,2025-07-04 15:30:23,2025-07-04 16:20:13
PO103223,UA336C,2025-09-16 21:16:16,2025-09-16 22:17:35
PO103184,UA786E,2025-09-09 11:27:57,2025-09-09 12:18:50
PO103151,UA728A,2025-09-02 19:07:38,2025-09-02 20:10:35
PO102899,UA735D,,2025-07-12 16:48:56
PO100289,UA979C,2024-02-20 19:58:01,2024-02-20 20:56:32
PO100894,UA227H,2024-06-08 08:35:25,2024-06-08 09:37:18
PO101523,UA714B,2024-10-14 14:26:55,2024-10-14 15:33:08
PO102489,UA601H,2025-04-24 17:42:43,2025-04-24 18:42:41
PO101476,UA590D,2024-10-02 12:45:09,2024-10-02 13:42:44
PO103393,UA858E,2025-10-21 16:15:55,2025-10-21 17:16:19
PO101595,UA650H,2024-10-30 18:23:49,2024-10-30 19:22:55
PO101242,UA215F,2024-08-19 18:55:50,2024-08-19 19:34:32
PO102606,UA559F,2025-05-15 16:01:52,2025-05-15 17:26:21
PO102548,UA671D,2025-05-05 15:53:52,2025-05-05 16:37:12
PO100115,UA122F,2024-01-23 09:09:00,2024-01-23 10:19:36
PO102419,UA840D,2025-04-10 15:40:45,2025-04-10 16:39:49
PO100003,UA506C,2024-01-01 12:40:26,2024-01-01 13:21:48
PO102651,UA656A,2025-05-25 12:42:28,2025-05-25 13:32:59
PO100568,UA622A,12/04/2024 20:27,2024-04-12 20:22:53
PO101068,UA617H,2024-07-16 09:51:00,2024-07-16 10:47:15
PO100400,UA696G,2024-03-11 14:19:54,2024-03-11 15:01:19
PO100181,UA397A,2024-02-02 12:40:18,2024-02-02 13:57:49
PO100147,UA173G,2024-01-29 18:25:23,2024-01-29 19:33:09
PO100630,UA869D,2024-04-23 07:30:18,2024-04-23 08:29:12
PO100761,UA211A,2024-05-16 12:27:14,2024-05-16 13:29:42
PO100402,UA669A,2024-03-12 06:21:27,2024-03-12 07:23:31
PO100414,UA707A,2024-03-13 17:03:22,2024-03-13 18:03:45
PO101105,UA354G,2024-07-23 17:30:09,2024-07-23 17:54:20
PO100860,UA484H,2024-06-03 14:12:33,2024-06-03 15:15:29
PO100607,UA466F,2024-04-19 11:10:00,2024-04-19 12:27:37
PO101450,UA808B,2024-09-28 07:50:16,2024-09-28 09:13:26
PO102474,UA852F,2025-04-21 12:48:54,2025-04-21 14:07:06
PO100173,UA293H,2024-02-01 08:17:38,2024-02-01 09:16:20
PO102218,UA980C,2025-02-27 12:08:38,2025-02-27 13:16:31
PO100668,UA590D,2024-04-29 17:44:43,2024-04-29 18:38:00
PO103558,UA477B,2025-11-24 15:46:04,2025-11-24 16:51:57
PO100228,UA490B,2024-02-09 15:47:53,2024-02-09 16:47:31
PO101814,UA350H,2024-12-12 14:17:34,2024-12-12 15:26:39
PO102703,UA983B,2025-06-03 18:53:08,2025-06-03 19:40:01
PO101997,UA162F,2025-01-14 12:32:16,2025-01-14 13:01:08
PO100476,UA110E,2024-03-25 12:50:56,2024-03-25 14:02:35
PO101917,UA571E,2024-12-30 07:45:26,2024-12-30 08:45:33
PO102243,UA996A,2025-03-05 11:53:57,2025-03-05 13:06:42
PO100488,UA252D,2024-03-27 07:25:10,2024-03-27 08:04:51
PO103446,UA672B,2025-10-30 15:26:16,2025-10-30 16:42:29
PO101809,UA348D,2024-12-11 17:20:42,2024-12-11 18:21:14
PO100643,UA732B,2024-04-24 11:59:06,2024-04-24 13:20:00
PO101252,UA770D,2024-08-21 11:13:30,2024-08-21 12:08:03
PO100576,UA575C,2024-04-13 20:15:56,2024-04-13 21:29:53
PO103578,UA177F,2025-11-28 17:17:35,2025-11-28 18:11:04
PO103369,UA530A,2025-10-16 13:59:33,2025-10-16 15:01:27
PO101390,UA168G,2024-09-18 21:15:29,2024-09-18 22:04:49
PO100095,UA758H,2024-01-19 07:39:35,2024-01-19 08:59:56
PO101005,UA582E,2024-07-01 10:44:17,2024-07-01 11:47:44
PO100204,UA887D,2024-02-07 10:05:00,2024-02-07 11:04:35
PO103188,UA418D,2025-09-10 18:27:21,2025-09-10 19:08:10
PO100412,UA311H,2024-03-13 21:38:13,2024-03-13 22:51:47
PO100259,UA242A,2024-02-15 12:34:57,2024-02-15 13:33:08
PO103590,UA973B,2025-12-03 17:40:11,2025-12-03 18:21:08
PO102182,UA604F,2025-02-18 17:07:57,2025-02-18 17:55:59
PO102869,UA514G,2025-07-08 14:33:18,2025-07-08 15:34:16
PO102844,UA202H,2025-07-03 12:27:31,2025-07-03 13:24:48
PO101607,UA374A,2024-11-01 12:13:15,2024-11-01 13:19:25
PO102329,UA819G,2025-03-24 16:41:03,2025-03-24 17:18:31
PO102804,UA646B,2025-06-24 14:45:00,2025-06-24 15:36:00
PO102011,UA105D,2025-01-16 17:19:26,2025-01-16 18:20:39
PO101524,UA262E,2024-10-15 17:18:44,2024-10-15 18:35:39
PO101416,UA310F,2024-09-23 14:22:47,2024-09-23 15:20:02
PO103720,UA335G,2025-12-29 10:36:17,2025-12-29 11:02:08
PO100792,UA209F,2024-05-21 17:02:35,2024-05-21 17:59:29
PO100531,UA655G,2024-04-03 16:15:03,2024-04-03 17:21:03
PO103306,UA672G,2025-10-03 18:58:49,2025-10-03 19:47:18
PO103382,UA876E,2025-10-20 10:57:21,2025-10-20 12:16:49
PO103728,UA182F,2025-12-30 09:23:32,2025-12-30 10:12:33
PO102855,UA516B,2025-07-05 16:17:14,2025-07-05 17:15:24
PO102439,UA651G,,2025-04-14 22:33:00
PO103222,UA441H,2025-09-16 12:01:15,2025-09-16 12:55:25
PO100966,UA942C,2024-06-22 11:14:48,2024-06-22 12:06:51
PO102984,UA180A,2025-07-29 17:24:26,2025-07-29 18:24:10
PO100834,UA577H,2024-05-29 08:11:36,2024-05-29 09:33:21
PO101396,UA275H,2024-09-19 15:10:59,2024-09-19 16:07:56
PO101040,UA412F,2024-07-09 09:13:40,2024-07-09 10:27:39
PO101434,UA493D,2024-09-25 11:35:25,2024-09-25 12:32:36
PO100791,UA319B,2024-05-21 09:58:31,2024-05-21 10:59:04
PO101785,UA136H,2024-12-06 18:49:54,2024-12-06 19:57:47
PO100551,UA203E,2024-04-08 15:30:08,2024-04-08 15:55:41
PO101836,UA814E,2024-12-14 13:45:11,2024-12-14 14:46:10
PO102909,UA418B,2025-07-14 16:09:10,2025-07-14 17:10:42
PO102366,UA375C,2025-04-01 11:20:59,2025-04-01 12:10:45
PO101180,UA810B,2024-08-05 13:02:45,2024-08-05 14:21:10
PO103448,UA239D,2025-10-31 13:00:18,2025-10-31 14:03:58
PO103598,UA737D,2025-12-04 17:05:14,2025-12-04 17:57:37
PO100804,UA442C,2024-05-23 22:33:37,2024-05-23 23:22:21
PO102065,UA277C,2025-01-25 17:47:42,2025-01-25 18:28:05
PO101145,UA876C,,2024-07-30 09:49:21
PO100188,UA454F,2024-02-02 13:36:12,2024-02-02 14:36:10
PO102224,UA206C,2025-02-28 09:35:26,2025-02-28 10:17:51
PO102566,UA144C,2025-05-08 15:47:15,2025-05-08 16:35:26
PO103708,UA846G,2025-12-26 06:12:58,2025-12-26 11:24:36
PO101973,UA839E,2025-01-09 14:26:45,2025-01-09 15:04:36
PO103624,UA155G,2025-12-09 17:29:00,2025-12-09 18:20:53
PO102503,UA411A,2025-04-26 12:00:35,2025-04-26 12:31:35
PO102982,UA523E,2025-07-29 15:19:04,2025-07-29 16:48:48
PO103228,UA140F,2025-09-17 13:22:17,2025-09-17 14:16:42
PO101016,UA212H,2024-07-04 16:27:58,2024-07-04 17:17:26
PO102014,UA182C,2025-01-16 09:51:21,2025-01-16 10:39:35
PO102110,UA830B,2025-02-03 08:15:54,2025-02-03 09:09:25
PO100703,UA686G,2024-05-04 22:52:18,2024-05-05 00:17:41
PO103336,UA447F,2025-10-09 17:17:31,2025-10-09 18:32:22
PO101297,UA455A,2024-09-02 17:11:52,2024-09-02 18:00:26
PO101953,UA930A,2025-01-06 12:30:35,2025-01-06 13:19:23
PO100422,UA636H,2024-03-15 18:15:58,2024-03-15 19:01:51
PO103662,UA475A,2025-12-16 15:41:50,2025-12-16 16:24:29
PO101488,UA114F,2024-10-08 18:40:50,2024-10-08 19:27:29
PO100611,UA577F,2024-04-19 08:57:32,2024-04-19 09:49:45
PO100475,UA763H,2024-03-25 14:59:49,2024-03-25 15:41:53
PO100560,UA425B,2024-04-09 17:20:32,2024-04-09 18:04:37
PO101924,UA372C,2024-12-31 15:49:03,2024-12-31 16:45:43
PO103437,UA941H,2025-10-29 21:15:44,2025-10-29 22:18:48
PO101580,UA988B,2024-10-28 11:45:29,2024-10-28 12:42:20
PO102954,UA324F,2025-07-23 11:05:59,2025-07-23 12:17:37
PO102687,UA908A,2025-05-30 16:59:22,2025-05-30 17:34:15
PO103655,UA441A,2025-12-15 09:05:53,2025-12-15 10:08:08
PO101500,UA493F,2024-10-09 10:17:16,2024-10-09 10:45:26
PO101140,UA922B,2024-07-29 12:50:15,2024-07-29 13:33:42
PO102634,UA558D,,2025-05-21 16:12:44
PO102817,UA665E,2025-06-26 16:57:24,2025-06-26 18:26:02
PO102895,UA241B,2025-07-11 13:34:30,2025-07-11 14:20:53
PO101928,UA291F,2024-12-31 13:55:39,2024-12-31 14:41:02
PO101458,UA330C,2024-09-30 11:12:58,2024-09-30 12:07:38
PO100770,UA974C,2024-05-17 11:45:26,2024-05-17 12:32:47
PO101991,UA986C,2025-01-13 15:25:01,2025-01-13 16:10:38
PO103316,UA195A,2025-10-04 12:30:12,2025-10-04 12:56:23
PO102698,UA395F,2025-06-02 16:54:47,2025-06-02 17:29:22
PO101134,UA859B,2024-07-29 12:52:27,2024-07-29 14:02:22
PO100005,UA144C,,2024-01-01 11:24:38
PO103454,UA853G,2025-10-31 10:54:54,2025-10-31 11:38:17
PO101670,UA601D,2024-11-13 18:08:11,2024-11-13 19:14:37
PO100250,UA175E,2024-02-14 20:28:58,2024-02-14 21:14:24
PO103130,UA647A,2025-08-26 11:06:37,2025-08-26 11:57:40
PO100102,UA676A,2024-01-22 10:21:00,2024-01-22 11:25:53
PO100610,UA153D,2024-04-19 09:15:15,2024-04-19 09:33:52
PO102187,UA802F,2025-02-19 22:09:55,2025-02-19 22:56:57
PO101310,UA488H,2024-09-03 14:18:31,2024-09-03 15:15:40
PO101155,UA243G,2024-07-31 12:10:52,2024-07-31 13:03:35
PO101489,UA333D,2024-10-08 11:59:59,2024-10-08 12:46:58
PO100735,UA400B,2024-05-10 07:21:02,2024-05-10 08:12:20
PO101782,UA818C,2024-12-05 16:36:43,2024-12-05 17:23:49
PO102658,UA465D,2025-05-27 16:19:57,2025-05-27 17:12:19
PO100468,UA326E,2024-03-22 10:32:43,2024-03-22 11:34:54
PO102549,UA339F,2025-05-05 12:29:33,2025-05-05 13:11:58
PO101111,UA891C,2024-07-24 10:15:55,2024-07-24 11:02:09
PO102018,UA300E,2025-01-17 17:33:45,2025-01-17 18:14:49
PO102643,UA440A,2025-05-22 14:16:06,2025-05-22 15:13:17
PO102145,UA728E,11/02/2025 15:49,2025-02-11 17:00:18
PO102724,UA150E,2025-06-06 15:12:54,2025-06-06 16:24:15
PO101961,UA853H,2025-01-06 12:33:53,2025-01-06 13:28:35
PO100757,UA239A,2024-05-15 08:20:31,2024-05-15 09:01:56
PO100285,UA476E,2024-02-20 11:54:09,2024-02-20 12:33:13
PO102270,UA365A,2025-03-12 11:58:55,2025-03-12 13:32:39
PO100043,UA577D,2024-01-09 07:38:04,2024-01-09 08:03:47
PO100636,UA742G,2024-04-23 12:10:07,2024-04-23 12:51:19
PO102500,UA539H,2025-04-25 16:32:33,2025-04-25 17:38:35
PO100081,UA476C,2024-01-17 06:56:42,2024-01-17 07:36:23
PO102887,UA115E,2025-07-10 16:09:53,2025-07-10 17:08:47
PO103230,UA919B,2025-09-17 12:34:06,2025-09-17 13:33:59
PO100194,UA530G,2024-02-05 15:25:24,2024-02-05 15:49:35
PO102978,UA688F,2025-07-28 21:27:05,2025-07-28 22:14:37
PO100783,UA640H,2024-05-20 12:51:57,2024-05-20 13:34:33
PO103612,UA914G,2025-12-06 16:03:31,2025-12-06 17:11:46
PO100138,UA788D,2024-01-27 12:30:53,2024-01-27 13:10:03
PO103032,UA463H,2025-08-05 16:20:57,2025-08-05 17:29:30
PO100734,UA944C,,2024-05-09 23:26:23
PO100947,UA257F,2024-06-18 15:35:16,2024-06-18 16:43:27
PO100736,UA736E,2024-05-10 09:57:04,2024-05-10 10:55:31
PO102472,UA827G,2025-04-21 16:31:51,2025-04-21 17:09:08
PO101694,UA650A,2024-11-18 16:35:51,2024-11-18 17:39:36
PO103116,UA158H,2025-08-23 17:57:09,2025-08-23 19:01:48
PO102833,UA518B,2025-07-01 15:13:10,2025-07-01 16:23:16
PO103023,UA932G,2025-08-05 08:58:09,2025-08-05 09:30:57
PO101406,UA354G,2024-09-21 20:22:02,2024-09-21 21:47:12
PO101754,UA748F,2024-11-29 11:23:51,2024-11-29 12:00:14
PO101675,UA360H,2024-11-14 17:39:10,2024-11-14 18:51:53
PO101295,UA829E,2024-08-31 11:14:08,2024-08-31 12:03:13
PO102742,UA232G,2025-06-09 16:39:21,2025-06-09 17:19:57
PO103696,UA459H,2025-12-23 10:39:01,2025-12-23 11:25:17
PO100106,UA134B,2024-01-22 11:28:50,2024-01-22 12:46:35
PO100875,UA146G,2024-06-05 09:24:23,2024-06-05 10:43:35
PO101274,UA138C,2024-08-27 05:46:06,2024-08-27 07:12:40
PO101837,UA120H,2024-12-14 07:22:58,2024-12-14 08:27:24
PO103141,UA326C,2025-08-28 10:47:18,2025-08-28 12:04:16
PO100680,UA344A,,2024-05-01 10:31:18
PO100960,UA618A,2024-06-21 12:41:48,2024-06-21 13:37:10
PO103473,UA644A,2025-11-04 21:18:38,2025-11-04 22:16:16
PO103522,UA170A,2025-11-17 19:14:57,2025-11-17 20:08:31
PO103646,UA504E,2025-12-12 03:11:55,2025-12-12 13:20:16
PO102142,UA641B,2025-02-11 16:14:45,2025-02-11 16:44:11
PO101522,UA390C,2024-10-14 08:02:36,2024-10-14 09:11:31
PO101428,UA853E,2024-09-24 18:10:08,2024-09-24 18:49:57
PO102892,UA923F,2025-07-11 14:51:21,2025-07-11 15:55:47
PO100272,UA492F,2024-02-17 14:12:38,2024-02-17 15:10:11
PO100100,UA698E,2024-01-20 10:03:04,2024-01-20 10:37:46
PO103631,UA490B,2025-12-10 15:27:17,2025-12-10 15:51:38
PO101569,UA255C,2024-10-25 17:05:13,2024-10-25 17:56:13
PO101734,UA835G,2024-11-25 16:40:18,2024-11-25 18:01:21
PO102930,UA676C,2025-07-17 20:48:22,2025-07-17 21:53:17
PO101666,UA848C,2024-11-12 17:12:24,2024-11-12 18:08:48
PO102522,UA925F,2025-04-30 18:27:36,2025-04-30 19:42:22
PO101583,UA176H,2024-10-28 14:41:54,2024-10-28 15:45:20
PO100248,UA305D,2024-02-14 16:00:35,2024-02-14 17:01:50
PO100746,UA663H,2024-05-14 19:43:44,2024-05-14 20:21:04
PO101765,UA755B,2024-12-02 13:20:30,2024-12-02 14:08:31
PO100428,UA824D,2024-03-16 17:10:50,2024-03-16 18:20:07
PO102910,UA312D,2025-07-14 14:38:01,2025-07-14 15:39:36
PO102264,UA916H,2025-03-11 18:52:18,2025-03-11 19:41:37
PO101508,UA583B,2024-10-11 13:25:31,2024-10-11 14:09:25
PO100154,UA395E,2024-01-30 17:19:59,2024-01-30 18:50:20
PO102414,UA531E,2025-04-10 07:33:24,2025-04-10 08:23:20
PO100011,UA455E,2024-01-02 16:31:20,2024-01-02 17:42:50
PO102045,UA448H,2025-01-22 14:43:21,2025-01-22 15:29:25
PO103136,UA890A,2025-08-27 07:29:56,2025-08-27 08:19:41
PO100826,UA860F,2024-05-28 17:31:45,2024-05-28 18:37:00
PO101364,UA286F,2024-09-12 16:01:09,2024-09-12 16:53:28
PO100808,UA660F,2024-05-24 16:07:39,2024-05-24 16:57:26
PO102422,UA363H,2025-04-11 21:36:02,2025-04-11 22:13:00
PO100922,UA890G,2024-06-12 21:30:25,2024-06-12 22:28:31
PO102498,UA628F,2025-04-25 14:48:38,2025-04-25 15:43:34
PO100830,UA278B,2024-05-28 11:47:47,2024-05-28 12:24:06
PO103237,UA233C,2025-09-19 13:24:47,2025-09-19 14:16:39
PO103022,UA166G,2025-08-04 15:15:01,2025-08-04 16:00:12
PO101573,UA622C,2024-10-25 10:22:24,2024-10-25 11:14:24
PO100963,UA431C,2024-06-21 21:16:05,2024-06-21 22:03:31
PO101258,UA358B,2024-08-22 12:05:36,2024-08-22 13:02:40
PO101637,UA530F,2024-11-08 09:35:07,2024-11-08 10:42:01
PO100844,UA418B,2024-05-30 16:29:04,2024-05-30 17:04:41
PO100421,UA109H,2024-03-15 18:02:46,2024-03-15 19:04:33
PO101712,UA661E,2024-11-21 21:49:20,2024-11-21 22:55:45
PO103374,UA513D,2025-10-17 17:40:24,2025-10-17 18:24:42
PO102446,UA205E,2025-04-15 16:23:52,2025-04-15 17:20:23
PO102342,UA341H,2025-03-24 16:17:03,2025-03-24 17:08:10
PO100361,UA108F,2024-03-03 11:26:22,2024-03-03 12:35:24
PO101532,UA387A,2024-10-16 14:41:15,2024-10-16 15:52:13
PO100847,UA164E,2024-05-31 09:57:54,2024-05-31 10:47:23
PO103089,UA990A,2025-08-19 17:01:58,2025-08-19 17:31:07
PO102451,UA776F,2025-04-16 12:23:05,2025-04-16 13:11:08
PO103083,UA174C,2025-08-18 14:04:07,2025-08-18 15:12:43
PO101893,UA827C,2024-12-24 22:22:50,2024-12-24 23:10:11
PO102991,UA620C,2025-07-30 13:06:23,2025-07-30 13:56:26
PO100469,UA674H,2024-03-23 20:26:08,2024-03-23 21:28:58
PO103669,UA972G,,2025-12-17 12:08:08
PO102186,UA376C,2025-02-19 14:14:31,2025-02-19 15:07:24
PO103048,UA111D,08/08/2025 13:08,2025-08-08 14:19:08
PO101491,UA427B,2024-10-08 11:37:38,2024-10-08 12:30:44
PO101117,UA445G,2024-07-25 11:34:39,2024-07-25 12:20:26
PO103041,UA774G,2025-08-07 11:45:28,2025-08-07 12:54:13
PO103519,UA383A,2025-11-15 12:06:13,2025-11-15 12:59:18
PO101839,UA431F,2024-12-15 14:07:42,2024-12-15 14:57:00
PO101845,UA442B,2024-12-16 07:58:28,2024-12-16 08:49:00
PO103324,UA947E,2025-10-06 14:14:50,2025-10-06 14:49:28
PO102019,UA875A,2025-01-17 08:19:59,2025-01-17 09:34:04
PO101617,UA598D,2024-11-04 08:44:07,2024-11-04 09:42:21
PO103406,UA303B,2025-10-23 04:00:23,2025-10-23 10:35:09
PO101889,UA496E,2024-12-24 11:10:37,2024-12-24 12:04:07
PO103035,UA460B,2025-08-06 14:03:31,2025-08-06 14:47:36
PO101646,UA550A,2024-11-11 18:03:55,2024-11-11 18:59:32
PO103366,UA961B,2025-10-16 15:15:57,2025-10-16 15:57:18
PO101574,UA340F,2024-10-25 18:37:05,2024-10-25 19:14:00
PO101459,UA181E,2024-09-30 15:23:02,2024-09-30 16:29:53
PO100996,UA374A,2024-06-29 14:42:51,2024-06-29 15:19:29
PO102718,UA730B,,2025-06-05 10:17:24
PO103455,UA421B,2025-10-31 17:08:27,2025-10-31 18:04:02
PO102867,UA684G,2025-07-08 14:36:28,2025-07-08 15:15:57
PO102035,UA496G,2025-01-20 17:24:16,2025-01-20 18:28:28
PO102129,UA541G,2025-02-07 15:49:10,2025-02-07 16:34:06
PO101895,UA672H,2024-12-25 15:52:06,2024-12-25 16:47:33
PO103264,UA502A,2025-09-24 06:23:12,2025-09-24 06:59:58
PO101929,UA473A,2025-01-01 13:40:27,2025-01-01 14:41:00
PO101356,UA362H,2024-09-11 15:20:27,2024-09-11 16:09:47
PO101064,UA960F,2024-07-15 11:14:56,2024-07-15 12:14:33
PO103482,UA514H,2025-11-05 14:20:44,2025-11-05 15:07:02
PO102296,UA205B,2025-03-17 16:26:54,2025-03-17 17:47:53
PO102753,UA535D,2025-06-12 15:19:12,2025-06-12 16:19:40
PO101000,UA310F,2024-06-30 16:56:38,2024-06-30 17:49:50
PO102617,UA601D,2025-05-19 21:48:51,2025-05-19 22:52:21
PO101714,UA743F,2024-11-21 20:06:59,2024-11-21 20:38:21
PO100805,UA482C,2024-05-23 19:26:06,2024-05-23 20:19:38
PO102183,UA747F,2025-02-19 11:48:39,2025-02-19 12:35:20
PO100325,UA394H,2024-02-26 17:31:20,2024-02-26 18:26:02
PO103354,UA738D,2025-10-14 14:46:30,2025-10-14 15:47:20
PO101773,UA106H,2024-12-03 07:00:32,2024-12-03 08:41:45
PO101729,UA124F,2024-11-25 17:07:19,2024-11-25 18:15:22
PO100914,UA796A,2024-06-12 16:51:28,2024-06-12 17:44:48
PO101113,UA795B,2024-07-24 12:13:46,2024-07-24 13:16:46
PO100882,UA827H,2024-06-06 12:59:42,2024-06-06 13:49:04
PO101453,UA830C,2024-09-28 16:15:14,2024-09-28 17:07:52
PO102767,UA600G,2025-06-16 08:29:49,2025-06-16 09:18:54
PO102832,UA103D,2025-07-01 17:12:56,2025-07-01 18:07:52
PO101346,UA149B,2024-09-10 11:51:49,2024-09-10 13:04:48
PO100864,UA381D,2024-06-04 20:21:34,2024-06-04 20:50:21
PO103402,UA482B,2025-10-22 16:15:00,2025-10-22 16:52:56
PO102197,UA595F,2025-02-21 18:28:03,2025-02-21 19:37:13
PO100093,UA224E,2024-01-19 15:30:26,2024-01-19 16:12:43
PO103642,UA620A,2025-12-12 17:07:42,2025-12-12 18:24:30
PO101538,UA697H,2024-10-17 13:13:00,2024-10-17 14:42:48
PO102766,UA604H,2025-06-16 18:02:24,2025-06-16 19:23:11
PO102442,UA746F,2025-04-15 12:00:16,2025-04-15 13:07:11
PO103717,UA592G,27/12/2025 07:32,2025-12-27 08:07:14
PO101358,UA962F,2024-09-11 07:14:24,2024-09-11 08:34:38
PO102894,UA784C,2025-07-11 12:52:06,2025-07-11 13:50:39
PO102068,UA913F,2025-01-26 08:25:56,2025-01-26 09:37:32
PO103381,UA562B,2025-10-20 15:57:18,2025-10-20 16:35:04
PO102691,UA246C,2025-06-02 16:41:34,2025-06-02 17:41:59
PO103405,UA374E,2025-10-23 16:01:00,2025-10-23 17:06:04
PO101067,UA311H,2024-07-16 07:16:48,2024-07-16 08:17:14
PO102416,UA720G,2025-04-10 14:26:29,2025-04-10 15:34:38
PO102623,UA473A,2025-05-20 15:38:52,2025-05-20 16:34:42
PO102672,UA672G,2025-05-29 20:00:55,2025-05-29 20:49:43
PO103529,UA981C,2025-11-18 17:01:43,2025-11-18 17:31:50
PO103477,UA922G,2025-11-05 10:50:24,2025-11-05 11:25:24
PO103736,UA803F,2025-12-31 18:36:41,2025-12-31 19:22:58
PO100958,UA307H,2024-06-21 12:58:38,2024-06-21 13:46:39
PO100166,UA864E,2024-01-31 11:27:54,2024-01-31 12:44:58
PO100202,UA274G,2024-02-07 12:25:11,2024-02-07 13:09:37
PO102434,UA705H,2025-04-14 19:22:15,2025-04-14 20:23:57
PO100239,UA246A,2024-02-12 12:47:50,2024-02-12 13:57:42
PO101978,UA817G,2025-01-09 14:46:34,2025-01-09 15:29:55
PO100986,UA706G,,2024-06-27 18:19:22
PO100553,UA438G,2024-04-08 13:22:54,2024-04-08 13:59:02
PO101992,UA133G,2025-01-13 10:14:43,2025-01-13 11:14:11
PO102688,UA418B,2025-05-30 16:20:04,2025-05-30 17:14:06
PO103135,UA344E,,2025-08-27 21:35:39
PO103208,UA111G,2025-09-13 18:27:34,2025-09-13 19:37:04
PO101820,UA416F,2024-12-12 10:04:13,2024-12-12 10:55:02
PO103727,UA352A,2025-12-30 10:39:37,2025-12-30 10:58:10
PO101645,UA673E,2024-11-09 17:54:17,2024-11-09 19:03:26
PO103064,UA674E,2025-08-13 07:11:36,2025-08-13 08:28:17
PO101281,UA104E,2024-08-29 10:12:20,2024-08-29 11:30:59
PO101400,UA719H,2024-09-20 08:36:47,2024-09-20 09:45:25
PO102040,UA539B,2025-01-22 08:46:34,2025-01-22 09:35:25
PO100049,UA518H,2024-01-10 17:48:47,2024-01-10 18:32:00
PO102430,UA477A,2025-04-14 17:19:14,2025-04-14 18:36:48
PO103149,UA119F,2025-09-01 13:15:07,2025-09-01 13:49:30
PO103129,UA556B,2025-08-26 16:17:37,2025-08-26 16:57:26
PO103627,UA759H,2025-12-09 11:55:33,2025-12-09 12:43:27
PO103364,UA714G,2025-10-16 12:28:01,2025-10-16 13:24:34
PO102163,UA831G,2025-02-14 17:19:20,2025-02-14 18:27:11
PO103103,UA196F,2025-08-21 12:22:07,2025-08-21 13:13:58
PO101379,UA643E,2024-09-14 08:08:52,2024-09-14 08:51:46
PO100741,UA437D,2024-05-11 21:38:43,2024-05-11 23:00:55
PO101920,UA338B,2024-12-30 09:35:28,2024-12-30 10:27:10
PO103600,UA842F,2025-12-04 07:57:48,2025-12-04 08:56:11
PO100515,UA561C,2024-04-01 16:07:57,2024-04-01 17:23:06
PO102199,UA718A,2025-02-24 10:56:57,2025-02-24 11:38:28
PO101740,UA489C,2024-11-26 12:40:53,2024-11-26 13:04:37
PO101432,UA747C,2024-09-24 21:34:51,2024-09-24 22:29:13
PO101700,UA794A,2024-11-19 08:51:57,2024-11-19 09:56:35
PO103608,UA101B,2025-12-05 17:41:30,2025-12-05 18:45:56
PO101129,UA409C,2024-07-27 17:38:23,2024-07-27 18:55:04
PO101989,UA482G,2025-01-13 20:19:42,2025-01-13 21:06:22
PO101810,UA817G,2024-12-11 12:31:53,2024-12-11 13:18:19
PO102404,UA774F,2025-04-08 10:10:44,2025-04-08 10:48:54
PO103668,UA801E,2025-12-16 16:54:03,2025-12-16 17:39:50
PO101696,UA568D,2024-11-18 07:50:38,2024-11-18 08:50:21
PO102473,UA969H,2025-04-21 13:24:44,2025-04-21 14:21:11
PO102237,UA228A,2025-03-04 15:16:53,2025-03-04 16:36:05
PO101554,UA197G,2024-10-22 13:29:07,2024-10-22 14:15:39
PO100924,UA437F,13/06/2024 09:33,2024-06-13 09:57:27
PO102663,UA589A,2025-05-28 14:35:28,2025-05-28 15:27:11
PO102316,UA517C,2025-03-20 19:17:50,2025-03-20 20:10:41
PO102874,UA314G,2025-07-09 10:22:28,2025-07-09 11:47:57
PO101674,UA805C,2024-11-14 15:03:43,2024-11-14 15:58:29
PO103459,UA728F,2025-11-01 10:00:35,2025-11-01 10:51:10
PO101658,UA791F,2024-11-12 17:16:42,2024-11-12 17:37:02
PO100269,UA185B,2024-02-17 07:19:54,2024-02-17 08:11:42
PO102534,UA697E,2025-05-02 17:21:28,2025-05-02 18:35:48
PO103718,UA985G,2025-12-29 18:20:17,2025-12-29 18:34:59
PO103352,UA611A,2025-10-14 10:38:17,2025-10-14 11:07:28
PO101243,UA132B,2024-08-20 13:06:00,2024-08-20 13:40:57
PO101648,UA182F,2024-11-11 09:05:27,2024-11-11 09:36:20
PO102590,UA560G,2025-05-13 16:01:57,2025-05-13 16:35:35
PO100108,UA795D,2024-01-22 09:58:40,2024-01-22 11:15:03
PO101938,UA882H,2025-01-02 17:36:29,2025-01-02 18:41:44
PO101414,UA709C,2024-09-23 15:37:05,2024-09-23 16:40:04
PO101257,UA524C,2024-08-22 14:28:18,2024-08-22 15:39:03
PO102922,UA982F,2025-07-16 14:19:15,2025-07-16 14:59:53
PO103282,UA739F,2025-09-27 14:55:06,2025-09-27 15:39:00
PO100458,UA510D,2024-03-21 14:05:26,2024-03-21 15:00:46
PO103520,UA936B,2025-11-15 09:00:33,2025-11-15 09:42:53
PO102141,UA937H,2025-02-11 08:54:59,2025-02-11 10:12:16
PO100817,UA762E,2024-05-27 15:32:34,2024-05-27 15:59:41
PO102605,UA244E,2025-05-15 11:13:23,2025-05-15 12:21:24
PO103682,UA901F,2025-12-18 13:03:12,2025-12-18 13:40:11
PO100856,UA966F,2024-06-01 14:20:33,2024-06-01 14:43:50
PO101026,UA836B,2024-07-05 18:16:18,2024-07-05 18:47:13
PO100143,UA526F,2024-01-29 16:24:39,2024-01-29 17:28:17
PO103555,UA135H,2025-11-23 11:10:59,2025-11-23 11:57:28
PO101474,UA265E,2024-10-02 13:05:55,2024-10-02 13:56:50
PO102211,UA429A,2025-02-25 20:21:13,2025-02-25 21:14:06
PO102990,UA588F,2025-07-30 16:56:27,2025-07-30 17:42:13
PO100862,UA421A,2024-06-03 12:05:28,2024-06-03 13:14:50
PO100617,UA261D,2024-04-22 17:46:22,2024-04-22 18:49:29
PO102360,UA457D,2025-03-29 08:48:52,2025-03-29 10:15:46
PO103431,UA748H,2025-10-28 22:02:11,2025-10-28 23:05:07
PO100571,UA695A,2024-04-12 21:18:30,2024-04-12 21:51:29
PO100932,UA492F,2024-06-14 11:01:50,2024-06-14 12:01:44
PO100328,UA970B,2024-02-27 09:25:25,2024-02-27 09:48:10
PO101815,UA956F,2024-12-12 10:17:09,2024-12-12 11:14:41
PO101871,UA670C,2024-12-20 20:03:29,2024-12-20 20:52:53
PO101402,UA863E,2024-09-20 21:32:47,2024-09-20 22:39:58
PO102659,UA542E,2025-05-27 09:44:21,2025-05-27 10:33:01
PO101579,UA808D,2024-10-28 15:18:45,2024-10-28 15:59:37
PO100926,UA667F,2024-06-13 09:27:48,2024-06-13 10:13:05
PO100952,UA851C,2024-06-19 14:04:21,2024-06-19 15:35:59
PO102475,UA289H,2025-04-22 14:00:30,2025-04-22 14:42:02
PO102293,UA221F,2025-03-15 17:08:33,2025-03-15 18:18:36
PO100788,UA451G,2024-05-20 08:51:45,2024-05-20 09:26:54
PO100855,UA415C,2024-06-01 07:49:28,2024-06-01 09:05:22
PO103043,UA322H,2025-08-07 13:52:45,2025-08-07 15:19:46
PO103566,UA748B,2025-11-25 12:31:31,2025-11-25 13:36:14
PO102618,UA131A,2025-05-19 11:20:01,2025-05-19 12:37:07
PO103088,UA628D,2025-08-18 12:22:03,2025-08-18 13:16:47
PO101833,UA559C,2024-12-14 15:58:50,2024-12-14 16:42:28
PO103390,UA315B,2025-10-21 17:36:35,2025-10-21 17:56:25
PO101125,UA280D,2024-07-26 13:11:42,2024-07-26 13:54:43
PO102665,UA149E,2025-05-28 17:31:08,2025-05-28 18:32:59
PO101031,UA909E,2024-07-07 18:19:16,2024-07-07 19:07:08
PO102234,UA528D,2025-03-03 07:24:40,2025-03-03 08:01:16
PO101319,UA503C,2024-09-04 14:31:07,2024-09-04 15:28:36
PO100057,UA954F,2024-01-11 11:40:49,2024-01-11 12:47:47
PO100845,UA163G,2024-05-31 09:21:35,2024-05-31 10:36:37
PO102331,UA996B,24/03/2025 14:03,2025-03-24 14:41:51
PO102900,UA944G,2025-07-12 09:42:04,2025-07-12 10:54:23
PO100772,UA796D,2024-05-17 08:57:55,2024-05-17 09:54:13
PO102304,UA276A,2025-03-17 08:03:45,2025-03-17 08:41:49
PO101354,UA451H,2024-09-11 20:11:14,2024-09-11 21:07:02
PO102284,UA914G,2025-03-13 11:44:33,2025-03-13 12:19:59
PO103395,UA139A,2025-10-21 20:50:46,2025-10-21 21:58:49
PO103609,UA132A,2025-12-06 10:04:36,2025-12-06 10:50:52
PO101812,UA455D,2024-12-12 17:28:36,2024-12-12 18:20:45
PO100339,UA549A,2024-02-28 12:08:10,2024-02-28 13:00:07
PO101429,UA617F,2024-09-24 20:38:46,2024-09-24 21:38:49
PO102943,UA572H,2025-07-19 19:54:40,2025-07-19 20:38:32
PO103671,UA375B,2025-12-17 16:18:27,2025-12-17 16:53:44
PO100316,UA967D,2024-02-26 15:50:52,2024-02-26 16:44:12
PO100208,UA839G,2024-02-07 22:25:08,2024-02-07 23:38:55
PO101443,UA972D,2024-09-26 19:51:23,2024-09-26 20:40:38
PO103719,UA825E,2025-12-29 13:32:41,2025-12-29 14:21:40
PO101382,UA169A,2024-09-16 21:09:51,2024-09-16 21:50:00
PO101035,UA866G,2024-07-08 12:06:58,2024-07-08 12:36:39
PO103465,UA237F,,2025-11-03 14:50:08
PO100906,UA346A,2024-06-11 15:28:15,2024-06-11 16:26:41
PO100179,UA838C,2024-02-02 14:21:29,2024-02-02 15:08:52
PO101007,UA115B,2024-07-02 14:07:41,2024-07-02 15:09:40
PO100609,UA272D,2024-04-19 20:56:43,2024-04-19 21:44:57
PO100002,UA444C,2024-01-01 10:29:27,2024-01-01 11:17:16
PO102384,UA983D,2025-04-03 14:43:27,2025-04-03 15:36:52
PO102850,UA444F,2025-07-04 11:56:21,2025-07-04 12:44:43
PO101641,UA264H,2024-11-08 11:19:33,2024-11-08 12:04:11
PO103193,UA347C,2025-09-10 21:21:10,2025-09-10 22:22:30
PO101423,UA924B,2024-09-23 15:47:16,2024-09-23 16:26:08
PO100649,UA752E,2024-04-25 15:24:28,2024-04-25 15:57:03
PO101003,UA503F,2024-07-01 08:55:30,2024-07-01 09:30:59
PO102521,UA279B,2025-04-30 13:52:57,2025-04-30 14:55:37
PO100188,UA454F,2024-02-02 13:36:12,2024-02-02 14:36:10
PO103635,UA561H,2025-12-10 09:36:01,2025-12-10 10:34:01
PO102280,UA583H,2025-03-13 14:34:55,2025-03-13 15:25:06
PO101311,UA740C,2024-09-03 09:56:10,2024-09-03 10:30:16
PO101613,UA507C,2024-11-01 14:37:44,2024-11-01 15:53:09
PO100775,UA797E,2024-05-17 12:57:57,2024-05-17 13:53:59
PO101273,UA445H,26/08/2024 16:12,2024-08-26 17:24:13
PO102980,UA417B,2025-07-28 20:09:38,2025-07-28 20:49:01
PO101717,UA844D,2024-11-22 21:21:29,2024-11-22 22:39:41
PO102839,UA286F,2025-07-02 11:41:35,2025-07-02 12:46:12
PO101250,UA858A,2024-08-20 15:19:24,2024-08-20 16:38:09
PO100353,UA335G,2024-03-01 14:37:29,2024-03-01 15:39:54
PO100565,UA589E,2024-04-11 21:35:21,2024-04-11 22:30:51
PO100387,UA520A,07/03/2024 11:56,2024-03-07 13:22:32
PO102235,UA423F,2025-03-04 18:03:29,2025-03-04 18:39:57
PO102463,UA836C,2025-04-18 19:21:24,2025-04-18 20:40:55
PO102028,UA294H,2025-01-20 18:33:06,2025-01-20 19:39:35
PO101514,UA580H,2024-10-12 10:17:27,2024-10-12 11:12:42
PO103052,UA799F,2025-08-09 09:40:31,2025-08-09 10:20:19
PO102879,UA327H,2025-07-09 07:47:20,2025-07-09 08:24:33
PO102301,UA461H,2025-03-17 19:12:52,2025-03-17 19:53:36
PO102668,UA277B,2025-05-28 15:03:46,2025-05-28 16:06:41
PO101659,UA675C,2024-11-12 17:50:00,2024-11-12 18:12:15
PO100679,UA694H,2024-05-01 20:39:21,2024-05-01 21:15:00
PO100075,UA398B,2024-01-16 16:51:29,2024-01-16 17:58:27
PO100599,UA913C,2024-04-17 12:31:25,2024-04-17 13:30:58
PO101726,UA121C,2024-11-23 10:31:51,2024-11-23 21:07:19
PO100317,UA654G,2024-02-26 15:51:40,2024-02-26 16:36:46
PO100938,UA386E,2024-06-17 14:09:29,2024-06-17 15:14:11
PO101469,UA724G,2024-10-01 08:35:13,2024-10-01 09:40:41
PO101455,UA577D,2024-09-29 14:04:17,2024-09-29 15:02:47
PO101148,UA438A,2024-07-30 10:57:57,2024-07-30 11:48:58
PO101307,UA156F,2024-09-02 16:35:38,2024-09-02 17:33:52
PO103645,UA638H,2025-12-12 16:28:14,2025-12-12 17:48:08
PO102597,UA788A,2025-05-14 13:27:54,2025-05-14 14:13:21
PO102907,UA185G,2025-07-14 12:07:46,2025-07-14 13:38:38
PO101846,UA182B,2024-12-16 12:19:13,2024-12-16 13:44:11
PO101268,UA273B,2024-08-26 10:43:41,2024-08-26 11:45:50
PO101286,UA627G,2024-08-30 14:02:13,2024-08-30 14:43:52
PO101473,UA360C,2024-10-01 14:04:34,2024-10-01 14:36:38
PO103298,UA211C,2025-10-01 10:46:11,2025-10-01 11:26:18
PO103019,UA887A,2025-08-04 10:18:30,2025-08-04 11:19:19
PO100287,UA731C,2024-02-20 14:59:03,2024-02-20 15:38:53
PO100956,UA784H,,2024-06-20 12:30:18
PO100153,UA670A,2024-01-30 13:57:03,2024-01-30 15:26:15
PO102763,UA835G,2025-06-15 11:07:54,2025-06-15 12:02:07
PO100762,UA124A,2024-05-16 14:18:09,2024-05-16 14:51:59
PO100478,UA775D,2024-03-26 09:17:36,2024-03-26 09:58:02
PO100985,UA211G,2024-06-27 07:06:07,2024-06-27 08:04:32
PO100263,UA261D,2024-02-16 19:00:44,2024-02-16 20:19:39
PO100430,UA623E,2024-03-18 10:41:28,2024-03-18 11:44:26
PO102015,UA446H,2025-01-16 10:08:25,2025-01-16 11:15:58
PO102298,UA627B,2025-03-17 19:52:55,2025-03-17 20:50:04
PO102109,UA814C,2025-02-03 17:00:53,2025-02-03 18:34:24
PO103588,UA507B,2025-12-02 21:37:55,2025-12-02 22:44:51
PO100020,UA878B,2024-01-04 11:34:42,2024-01-04 12:03:04
PO103656,UA403E,2025-12-15 15:23:53,2025-12-15 16:38:41
PO102830,UA547A,2025-06-30 12:44:39,2025-06-30 13:52:24
PO100807,UA353B,2024-05-24 12:15:19,2024-05-24 13:30:37
PO101510,UA211A,2024-10-11 17:40:51,2024-10-11 18:52:28
PO102036,UA516B,2025-01-21 09:36:27,2025-01-21 10:20:12
PO100343,UA819A,2024-02-29 15:18:23,2024-02-29 16:12:53
PO100354,UA945E,2024-03-01 16:22:02,2024-03-01 17:58:05
PO100016,UA831H,2024-01-03 16:53:39,2024-01-03 17:29:12
PO103456,UA462D,2025-11-01 16:57:27,2025-11-01 17:52:46
PO103040,UA231C,2025-08-07 16:50:05,2025-08-07 17:52:57
PO100843,UA800D,2024-05-30 17:54:31,2024-05-30 18:54:57
PO102774,UA495C,2025-06-17 11:05:48,2025-06-17 12:04:18
PO102864,UA130B,2025-07-07 19:04:37,2025-07-07 20:05:25
PO100052,UA432A,2024-01-10 16:32:02,2024-01-10 17:20:47
PO103117,UA511A,2025-08-23 13:25:48,2025-08-23 14:50:54
PO101498,UA293E,2024-10-09 10:26:40,2024-10-09 11:10:00
PO103675,UA100B,2025-12-18 17:29:14,2025-12-18 18:40:47
PO100832,UA653B,2024-05-28 18:49:34,2024-05-28 19:54:20
PO101324,UA605A,2024-09-04 17:46:03,2024-09-04 19:01:57
PO103515,UA853B,2025-11-14 18:37:13,2025-11-14 19:26:12
PO102240,UA723F,2025-03-04 16:23:13,2025-03-04 17:22:07
PO101856,UA258E,,2024-12-17 12:45:26
PO102091,UA855F,2025-01-30 11:32:18,2025-01-30 12:29:29
PO103560,UA995H,2025-11-24 17:45:59,2025-11-24 18:17:09
PO101906,UA472D,2024-12-27 08:24:48,2024-12-27 09:34:43
PO103511,UA849E,2025-11-13 14:22:46,2025-11-13 15:03:30
PO101384,UA649A,2024-09-16 15:03:13,2024-09-16 15:56:52
PO102032,UA656F,2025-01-20 15:04:29,2025-01-20 15:45:03
PO103218,UA393A,2025-09-15 12:53:28,2025-09-15 14:01:56
PO100431,UA852F,2024-03-18 16:11:44,2024-03-18 16:59:20
PO100076,UA571F,2024-01-16 07:50:44,2024-01-16 08:55:56
PO100639,UA666C,2024-04-24 12:15:43,2024-04-24 13:03:47
PO102571,UA653E,2025-05-09 12:58:56,2025-05-09 13:56:58
PO102096,UA899F,2025-01-30 10:59:54,2025-01-30 12:05:58
PO100156,UA227B,2024-01-30 12:08:58,2024-01-30 12:42:29
PO102401,UA560A,2025-04-07 16:39:17,2025-04-07 17:40:57
PO103309,UA965G,2025-10-03 09:40:36,2025-10-03 10:24:57
PO101868,UA792B,2024-12-20 12:08:14,2024-12-20 13:21:14
PO102043,UA941E,2025-01-22 15:30:28,2025-01-22 16:40:04
PO100695,UA195F,2024-05-03 08:08:36,2024-05-03 09:05:45
PO100814,UA518G,2024-05-25 11:02:08,2024-05-25 11:59:17
PO102168,UA905A,2025-02-14 13:27:48,2025-02-14 14:03:24
PO103396,UA839G,2025-10-22 18:42:47,2025-10-22 19:45:07
PO102533,UA911B,2025-05-02 13:31:54,2025-05-02 14:42:05
PO100159,UA687C,2024-01-30 07:52:42,2024-01-30 08:47:14
PO100747,UA244A,2024-05-14 09:46:19,2024-05-14 11:05:14
PO100190,UA210F,2024-02-03 15:52:54,2024-02-03 16:28:44
PO102785,UA237A,2025-06-18 06:26:51,2025-06-18 07:10:03
PO100957,UA877H,2024-06-20 15:06:56,2024-06-20 16:12:35
PO102102,UA923C,2025-01-31 14:13:18,2025-01-31 15:09:32
PO102993,UA338C,2025-07-30 17:22:48,2025-07-30 18:35:49
PO103057,UA884H,2025-08-11 19:14:57,2025-08-11 20:47:29
PO102705,UA172C,2025-06-03 16:18:15,2025-06-03 17:39:37
PO101226,UA468B,,2024-08-16 08:40:01
PO102950,UA318G,2025-07-21 15:05:00,2025-07-21 16:08:37
PO102622,UA184C,2025-05-20 18:37:28,2025-05-20 19:34:00
PO102751,UA447F,11/06/2025 14:25,2025-06-11 15:29:11
PO100065,UA389D,2024-01-12 12:17:24,2024-01-12 13:17:18
PO101802,UA923B,2024-12-10 17:59:14,2024-12-10 19:19:54
PO102815,UA299B,2025-06-26 14:41:00,2025-06-26 15:24:24
PO100524,UA353C,2024-04-03 10:10:59,2024-04-03 11:09:03
PO100955,UA957F,2024-06-20 16:05:32,2024-06-20 16:47:26
PO103018,UA257D,2025-08-04 12:37:09,2025-08-04 13:19:44
PO101215,UA319A,2024-08-13 12:27:57,2024-08-13 13:22:39
PO101419,UA417E,2024-09-23 17:03:00,2024-09-23 17:49:34
PO101385,UA778A,2024-09-17 14:28:03,2024-09-17 15:07:54
PO102878,UA849D,2025-07-09 14:04:29,2025-07-09 14:54:12
PO102944,UA171D,2025-07-21 07:23:11,2025-07-21 14:18:20
PO100887,UA550A,2024-06-07 14:57:30,2024-06-07 15:36:58
PO100840,UA444H,2024-05-29 15:23:23,2024-05-29 15:50:06
PO101239,UA215D,2024-08-18 12:12:24,2024-08-18 13:07:42
PO102695,UA266G,2025-06-02 13:28:50,2025-06-02 14:30:37
PO100588,UA892E,2024-04-16 12:12:23,2024-04-16 12:50:17
PO100064,UA990G,2024-01-12 16:31:40,2024-01-12 17:28:44
PO102657,UA458C,2025-05-27 08:10:21,2025-05-27 09:01:39
PO102403,UA558A,2025-04-07 14:55:53,2025-04-07 15:53:35
PO101122,UA427A,2024-07-26 16:52:04,2024-07-26 17:49:00
PO101308,UA388D,2024-09-03 11:32:41,2024-09-03 12:14:42
PO100678,UA964C,2024-05-01 12:43:24,2024-05-01 13:12:57
PO101022,UA946G,2024-07-05 12:33:02,2024-07-05 13:28:36
PO101321,UA296B,2024-09-04 14:28:37,2024-09-04 15:44:50
PO102905,UA415C,2025-07-14 17:03:48,2025-07-14 18:02:13
PO102543,UA152F,2025-05-04 13:51:56,2025-05-04 14:55:16
PO102499,UA589G,2025-04-25 14:03:52,2025-04-25 15:00:49
PO102144,UA626A,2025-02-11 15:53:49,2025-02-11 16:55:51
PO100443,UA844E,2024-03-18 07:01:26,2024-03-18 07:27:21
PO101555,UA643D,2024-10-23 09:33:33,2024-10-23 10:16:02
PO102021,UA529A,2025-01-17 17:51:29,2025-01-17 18:38:18
PO102212,UA414B,2025-02-25 21:00:15,2025-02-25 22:17:59
PO102941,UA792D,2025-07-18 16:06:45,2025-07-18 16:29:40
PO101422,UA722B,2024-09-23 10:30:11,2024-09-23 11:31:37
PO101761,UA360F,2024-12-02 08:53:52,2024-12-02 10:02:06
PO101220,UA715F,2024-08-13 13:05:52,2024-08-13 14:16:16
PO101072,UA573D,,2024-07-17 08:01:12
PO102819,UA795G,2025-06-27 10:58:25,2025-06-27 11:37:03
PO100133,UA857F,2024-01-26 07:25:56,2024-01-26 08:22:43
PO103584,UA310G,2025-12-01 16:58:58,2025-12-01 17:58:57
PO101609,UA312B,2024-11-01 09:47:12,2024-11-01 10:46:23
PO100144,UA319A,2024-01-29 11:52:20,2024-01-29 12:52:20
PO102840,UA650D,2025-07-02 16:46:46,2025-07-02 17:29:08
PO102081,UA215G,2025-01-28 16:42:10,2025-01-28 17:52:07
PO103510,UA922F,2025-11-13 12:41:10,2025-11-13 13:14:35
PO103702,UA357H,2025-12-24 07:25:44,2025-12-24 08:02:30
PO103125,UA394E,2025-08-25 17:12:53,2025-08-25 17:53:16
PO100381,UA167A,2024-03-07 09:21:10,2024-03-07 10:04:39
PO100802,UA308E,2024-05-22 15:18:04,2024-05-22 16:04:48
PO102363,UA841E,2025-03-31 18:05:35,2025-03-31 18:38:59
PO103602,UA500A,2025-12-04 17:37:23,2025-12-04 18:24:19
PO102408,UA240C,2025-04-08 07:57:22,2025-04-08 08:18:45
PO100255,UA407G,2024-02-15 13:58:14,2024-02-15 15:07:42
PO100721,UA462E,2024-05-07 07:31:03,2024-05-07 08:40:54
PO101279,UA808A,2024-08-29 17:18:53,2024-08-29 18:14:52
PO100920,UA462G,2024-06-12 07:54:41,2024-06-12 09:06:44
PO101018,UA306A,2024-07-04 17:13:48,2024-07-04 17:48:55
PO102179,UA430G,2025-02-17 13:14:51,2025-02-17 13:49:15
PO100008,UA446D,2024-01-02 14:51:55,2024-01-02 15:41:04
PO101878,UA720B,2024-12-21 12:50:56,2024-12-21 13:51:53
PO102165,UA884H,2025-02-14 13:10:18,2025-02-14 14:18:03
PO103580,UA807B,2025-12-01 09:22:39,2025-12-01 10:34:02
PO100979,UA434C,26/06/2024 20:37,2024-06-26 21:30:46
PO101571,UA298H,2024-10-25 12:15:52,2024-10-25 13:19:14
PO101263,UA273A,2024-08-22 19:12:08,2024-08-22 20:37:09
PO102127,UA667B,2025-02-06 07:33:58,2025-02-06 08:48:16
PO101764,UA562C,2024-12-02 18:05:29,2024-12-02 18:46:45
PO101389,UA595E,2024-09-18 11:25:40,2024-09-18 12:12:27
PO101141,UA566C,2024-07-29 14:50:25,2024-07-29 15:13:52
PO102372,UA764B,2025-04-01 13:15:00,2025-04-01 14:17:40
PO101683,UA695G,2024-11-15 20:57:28,2024-11-15 21:41:01
PO101464,UA374B,2024-09-30 13:51:30,2024-09-30 14:27:54
PO100549,UA201C,2024-04-06 17:27:29,2024-04-06 18:14:46
PO100925,UA663H,2024-06-13 22:01:34,2024-06-13 23:12:02
PO102222,UA201B,2025-02-28 16:45:53,2025-02-28 18:11:09
PO100548,UA293F,2024-04-05 15:07:09,2024-04-05 15:50:39
PO102116,UA994C,2025-02-05 17:07:28,2025-02-05 18:11:59
PO103550,UA943H,2025-11-22 16:59:09,2025-11-22 17:49:28
PO103549,UA334D,2025-11-22 17:11:45,2025-11-22 17:56:58
PO103252,UA890D,2025-09-23 19:00:28,2025-09-23 19:39:07
PO101690,UA466B,2024-11-18 15:03:23,2024-11-18 16:04:46
PO102725,UA592A,2025-06-06 19:42:48,2025-06-06 20:21:37
PO103703,UA467B,2025-12-25 07:25:56,2025-12-25 08:03:22
PO101248,UA356G,2024-08-20 15:57:18,2024-08-20 17:16:12
PO102159,UA873E,2025-02-13 12:17:51,2025-02-13 13:24:02
PO100238,UA720A,2024-02-12 18:12:06,2024-02-12 18:46:18
PO102300,UA110F,2025-03-17 16:25:56,2025-03-17 17:30:40
PO103537,UA299D,2025-11-20 12:41:03,2025-11-20 13:49:47
PO100748,UA566B,2024-05-14 12:01:04,2024-05-14 12:58:03
PO100096,UA266A,,2024-01-20 19:51:19
PO103220,UA769C,2025-09-16 16:49:42,2025-09-16 16:54:49
PO100046,UA699F,2024-01-09 13:22:51,2024-01-09 14:19:36
PO100728,UA541F,2024-05-09 11:28:34,2024-05-09 12:13:05
PO103614,UA689C,2025-12-06 15:23:13,2025-12-06 16:29:37
PO102007,UA984E,2025-01-15 14:48:01,2025-01-15 15:35:10
PO101858,UA182E,2024-12-17 16:18:56,2024-12-17 17:00:38
PO100898,UA455H,2024-06-10 11:46:07,2024-06-10 12:47:40
PO100953,UA861B,2024-06-19 12:53:30,2024-06-19 14:11:38
PO100818,UA827D,2024-05-27 12:06:50,2024-05-27 13:10:52
PO100191,UA837B,2024-02-04 16:08:56,2024-02-04 17:11:58
PO102532,UA783A,2025-05-02 08:35:38,2025-05-02 09:26:30
PO101752,UA409A,2024-11-28 13:14:31,2024-11-28 14:12:22
PO101019,UA464G,2024-07-04 11:21:33,2024-07-04 12:39:32
PO102263,UA914B,2025-03-11 12:43:55,2025-03-11 14:05:31
PO102255,UA484F,2025-03-08 15:16:17,2025-03-08 16:02:30
PO101705,UA258D,2024-11-20 18:04:32,2024-11-20 19:06:59
PO102140,UA358G,2025-02-10 10:05:49,2025-02-10 10:45:35
PO102587,UA805H,2025-05-13 16:32:03,2025-05-13 17:09:42
PO101940,UA902D,2025-01-02 15:48:07,2025-01-02 16:26:20
PO102903,UA341C,2025-07-14 12:22:02,2025-07-14 13:02:24
PO101437,UA594F,2024-09-25 17:07:53,2024-09-25 18:16:36
PO100763,UA459D,2024-05-16 16:04:58,2024-05-16 16:40:01
PO100503,UA507D,2024-03-30 21:15:50,2024-03-30 21:42:05
PO102417,UA277G,,2025-04-10 09:18:26
PO103138,UA501B,2025-08-28 11:48:15,2025-08-28 12:48:55
PO100586,UA443G,2024-04-16 13:34:27,2024-04-16 14:19:02
PO103538,UA559D,2025-11-20 14:03:41,2025-11-20 14:40:49
PO102802,UA486B,2025-06-23 17:35:26,2025-06-23 18:35:42
PO102721,UA419B,2025-06-06 20:59:23,2025-06-06 22:12:11
PO100424,UA230H,2024-03-15 15:56:48,2024-03-15 16:42:53
PO102058,UA111G,2025-01-24 16:21:39,2025-01-24 16:54:05
PO102363,UA841E,2025-03-31 18:05:35,2025-03-31 18:38:59
PO102570,UA847E,2025-05-09 20:32:40,2025-05-09 21:22:44
PO102768,UA149F,2025-06-16 19:21:31,2025-06-16 20:14:05
PO101248,UA356G,2024-08-20 15:57:18,2024-08-20 17:16:12
PO103394,UA980F,2025-10-21 11:28:18,2025-10-21 12:41:51
PO103002,UA279C,2025-07-31 22:54:07,2025-07-31 23:52:58
PO101267,UA474B,2024-08-24 13:33:57,2024-08-24 14:15:12
PO103729,UA169A,2025-12-30 15:08:06,2025-12-30 16:01:40
PO102345,UA369F,2025-03-25 17:50:51,2025-03-25 19:00:09
PO103674,UA410A,2025-12-17 08:16:10,2025-12-17 09:33:24
PO102006,UA802C,2025-01-15 12:44:45,2025-01-15 13:47:04
PO102783,UA973G,2025-06-18 03:55:43,2025-06-18 15:14:37
PO103551,UA749E,2025-11-22 12:03:48,2025-11-22 13:02:41
PO102517,UA993E,2025-04-30 19:38:10,2025-04-30 20:26:09
PO102328,UA790D,2025-03-22 11:09:55,2025-03-22 12:06:01
PO101475,UA904E,2024-10-02 08:11:54,2024-10-02 09:31:54
PO101871,UA670C,2024-12-20 20:03:29,2024-12-20 20:52:53
PO100540,UA889A,2024-04-04 15:39:36,2024-04-04 16:23:49
PO101285,UA318F,2024-08-30 17:44:41,2024-08-30 18:35:33
PO103726,UA380E,2025-12-30 09:43:47,2025-12-30 10:42:13
PO102223,UA863B,2025-02-28 12:09:50,2025-02-28 13:23:44
PO100946,UA434F,2024-06-18 12:08:54,2024-06-18 12:44:30
PO100575,UA100D,2024-04-13 13:06:04,2024-04-13 14:15:01
PO100119,UA888B,2024-01-24 16:18:00,2024-01-24 17:25:49
PO100787,UA725G,2024-05-20 10:59:20,2024-05-20 11:52:03
PO101227,UA545F,2024-08-16 09:59:42,2024-08-16 10:45:00
PO103574,UA108H,2025-11-27 15:02:01,2025-11-27 15:27:29
PO102577,UA483B,2025-05-10 12:16:25,2025-05-10 13:15:19
PO102139,UA556C,2025-02-10 11:08:09,2025-02-10 11:47:50
PO100110,UA857E,2024-01-23 11:54:50,2024-01-23 13:07:12
PO103164,UA547F,2025-09-04 16:42:08,2025-09-04 17:21:06
PO100784,UA389A,2024-05-20 18:41:25,2024-05-20 19:30:16
PO101952,UA814A,2025-01-06 12:04:14,2025-01-06 12:58:53
PO102771,UA590B,2025-06-17 17:27:13,2025-06-17 18:37:08
PO102450,UA641H,2025-04-16 13:56:42,2025-04-16 14:52:15
PO102207,UA810F,2025-02-25 12:03:24,2025-02-25 13:05:21
PO102494,UA408E,2025-04-25 12:12:53,2025-04-25 13:21:37
PO103305,UA321F,2025-10-03 12:35:02,2025-10-03 13:44:55
PO102620,UA519E,2025-05-20 09:48:42,2025-05-20 10:50:22
PO103483,UA964G,2025-11-06 09:00:26,2025-11-06 09:50:59
PO101119,UA483C,2024-07-25 16:32:15,2024-07-25 17:56:58
PO102883,UA423B,2025-07-09 07:42:11,2025-07-09 08:46:38
PO100215,UA656B,2024-02-08 10:50:45,2024-02-08 11:36:19
PO100779,UA739D,2024-05-20 14:20:48,2024-05-20 15:02:12
PO101551,UA840G,2024-10-22 17:49:11,2024-10-22 18:27:53
PO100109,UA400C,2024-01-22 11:18:50,2024-01-22 12:02:32
PO100310,UA994H,2024-02-24 15:59:01,2024-02-24 16:56:14
PO101161,UA593H,2024-08-01 16:33:16,2024-08-01 17:10:26
PO103243,UA600D,2025-09-20 20:33:02,2025-09-20 21:43:23
PO100219,UA151C,2024-02-09 13:37:00,2024-02-09 14:20:30
PO100429,UA641D,2024-03-17 10:08:33,2024-03-17 11:11:16
PO103355,UA324H,2025-10-14 13:39:56,2025-10-14 14:50:50
PO100713,UA357E,2024-05-07 09:53:52,2024-05-07 10:43:59
PO102728,UA399C,2025-06-06 19:02:57,2025-06-06 19:37:31
PO102914,UA517A,,2025-07-15 17:02:41
PO100009,UA560H,2024-01-02 14:33:50,2024-01-02 15:04:45
PO103267,UA700F,2025-09-25 12:09:36,2025-09-25 12:51:03
PO101662,UA432F,2024-11-12 15:45:10,2024-11-12 16:28:44
PO101221,UA349G,2024-08-13 15:49:56,2024-08-13 16:56:12
PO102779,UA363B,2025-06-18 13:46:15,2025-06-18 14:45:29
PO100596,UA963G,2024-04-17 21:50:24,2024-04-17 22:07:10
PO103008,UA180B,2025-08-02 12:48:47,2025-08-02 13:45:31
PO101472,UA522D,2024-10-01 11:45:23,2024-10-01 12:33:38
PO102926,UA885G,2025-07-17 11:10:17,2025-07-17 12:20:00
PO102843,UA566B,2025-07-03 18:34:29,2025-07-03 19:11:21
PO100517,UA257B,2024-04-02 18:20:06,2024-04-02 19:11:26
PO101588,UA804C,2024-10-29 17:23:17,2024-10-29 18:11:16
PO102975,UA509B,2025-07-27 15:55:15,2025-07-27 16:42:43
PO102016,UA246D,2025-01-17 15:42:53,2025-01-17 16:40:58
PO102321,UA238B,21/03/2025 15:48,2025-03-21 17:03:32
PO103131,UA241C,2025-08-26 12:32:14,2025-08-26 13:17:45
PO101663,UA266C,2024-11-12 20:07:27,2024-11-12 21:02:34
PO102188,UA843E,2025-02-19 13:50:31,2025-02-19 14:59:14
PO101874,UA940B,2024-12-20 14:45:27,2024-12-20 15:04:52
PO101217,UA155B,2024-08-13 13:02:47,2024-08-13 14:03:03
PO101806,UA793G,2024-12-11 10:57:40,2024-12-11 11:42:43
PO101333,UA493F,2024-09-06 06:37:33,2024-09-06 07:34:40
PO100675,UA978G,2024-04-30 11:20:55,2024-04-30 12:19:00
PO100820,UA835E,2024-05-27 13:02:15,2024-05-27 13:40:56
PO100432,UA443H,2024-03-18 15:11:44,2024-03-18 16:18:45
PO103523,UA654C,2025-11-17 16:47:51,2025-11-17 17:49:41
PO102730,UA276E,,2025-06-06 21:04:02
PO101069,UA632D,2024-07-16 10:46:17,2024-07-16 11:55:34
PO101774,UA950F,2024-12-03 13:19:11,2024-12-03 14:29:24
PO102829,UA196B,2025-06-30 17:09:14,2025-06-30 17:53:33
PO100314,UA644G,2024-02-24 16:17:31,2024-02-24 17:39:00
PO102935,UA818H,2025-07-17 06:10:05,2025-07-17 07:25:34
PO102515,UA693E,2025-04-29 17:51:56,2025-04-29 18:37:14
PO103512,UA179D,2025-11-13 09:43:50,2025-11-13 10:27:39
PO100061,UA465B,2024-01-12 08:16:58,2024-01-12 09:07:18
PO103599,UA994A,2025-12-04 11:18:47,2025-12-04 12:18:21
PO101963,UA590D,2025-01-07 10:27:37,2025-01-07 11:18:50
PO100683,UA259E,2024-05-01 20:41:00,2024-05-01 21:27:06
PO102325,UA268H,2025-03-21 10:54:00,2025-03-21 11:42:27
PO101908,UA436F,2024-12-27 16:59:27,2024-12-27 17:22:06
PO103548,UA391F,2025-11-21 09:40:16,2025-11-21 10:15:27
PO102291,UA279D,2025-03-14 16:43:50,2025-03-14 17:34:32
PO101153,UA360F,2024-07-30 16:36:18,2024-07-30 17:34:37
PO100890,UA312H,2024-06-07 17:47:16,2024-06-07 18:36:05
PO100945,UA734H,2024-06-18 15:13:56,2024-06-18 16:04:50
PO102057,UA890E,2025-01-23 19:50:27,2025-01-23 20:48:55
PO101336,UA536D,2024-09-09 12:50:42,2024-09-09 19:02:17
PO101862,UA403D,2024-12-18 14:20:53,2024-12-18 15:26:40
PO100645,UA232A,2024-04-25 14:35:42,2024-04-25 15:33:04
PO103457,UA149C,2025-11-01 18:17:04,2025-11-01 18:50:31
PO101887,UA309B,2024-12-24 20:46:02,2024-12-24 21:34:37
PO100527,UA758H,2024-04-03 14:58:43,2024-04-03 15:41:37
PO100507,UA775H,2024-03-30 18:06:30,2024-03-30 19:09:11
PO101231,UA302H,2024-08-16 14:03:11,2024-08-16 14:40:27
PO100740,UA738A,2024-05-11 12:40:47,2024-05-11 13:12:26
PO100717,UA568A,2024-05-07 17:48:10,2024-05-07 19:02:13
PO102024,UA503E,2025-01-17 14:03:34,2025-01-17 15:11:52
PO101842,UA145H,2024-12-16 09:56:11,2024-12-16 11:05:24
PO102319,UA884E,2025-03-21 09:44:55,2025-03-21 10:11:53
PO101017,UA716G,2024-07-04 11:05:47,2024-07-04 12:14:57
PO101969,UA240G,2025-01-08 18:10:54,2025-01-08 19:03:39
PO102733,UA616G,2025-06-07 13:11:51,2025-06-07 13:59:32
PO100055,UA267B,2024-01-11 15:58:00,2024-01-11 16:42:12
PO102589,UA622F,2025-05-13 07:40:06,2025-05-13 08:39:37
PO100050,UA331H,2024-01-10 09:30:00,2024-01-10 10:15:07
PO100767,UA447G,2024-05-17 18:36:56,2024-05-17 19:35:56
PO103422,UA391F,2025-10-27 14:27:41,2025-10-27 15:34:14
PO102238,UA959H,2025-03-04 10:46:29,2025-03-04 11:33:54
PO102157,UA132C,2025-02-13 09:31:09,2025-02-13 10:37:20
PO102586,UA240H,2025-05-13 12:06:15,2025-05-13 13:20:52
PO100810,UA855A,2024-05-24 18:26:29,2024-05-24 19:35:00
PO103171,UA132B,2025-09-05 13:43:38,2025-09-05 14:31:50
PO102071,UA760E,2025-01-27 15:22:25,2025-01-27 16:25:41
PO100377,UA947D,2024-03-06 13:18:02,2024-03-06 14:13:08
PO100737,UA465G,2024-05-10 08:10:55,2024-05-10 09:18:34
PO103308,UA243D,2025-10-03 20:23:51,2025-10-03 21:15:00
PO100595,UA527A,2024-04-17 06:36:23,2024-04-17 07:58:08
PO100349,UA225F,2024-03-01 22:39:25,2024-03-01 23:43:09
PO102254,UA866F,2025-03-08 10:15:21,2025-03-08 11:17:10
PO100094,UA119C,2024-01-19 13:32:03,2024-01-19 14:36:13
PO101249,UA312E,2024-08-20 16:46:52,2024-08-20 17:30:18
PO101035,UA866G,2024-07-08 12:06:58,2024-07-08 12:36:39
PO103694,UA369D,2025-12-23 06:58:37,2025-12-23 08:16:26
PO103234,UA571H,2025-09-18 18:01:13,2025-09-18 18:50:21
PO103034,UA209A,2025-08-06 18:47:28,2025-08-06 19:37:08
PO103206,UA698H,2025-09-13 19:05:28,2025-09-13 20:28:55
PO101682,UA614G,2024-11-15 16:08:41,2024-11-15 17:00:15
PO102495,UA500B,2025-04-25 11:14:00,2025-04-25 12:17:32
PO102920,UA535G,2025-07-16 16:21:26,2025-07-16 16:57:00
PO100136,UA595F,2024-01-26 19:00:13,2024-01-26 20:40:22
PO102616,UA272E,2025-05-19 18:46:02,2025-05-19 19:16:57
PO103150,UA717B,2025-09-02 08:31:01,2025-09-02 09:10:50
PO100936,UA354B,2024-06-16 09:49:12,2024-06-16 11:00:26
PO101715,UA275E,2024-11-21 08:28:53,2024-11-21 09:16:22
PO103508,UA370G,2025-11-12 13:22:10,2025-11-12 14:14:16
PO103731,UA320D,2025-12-30 09:26:43,2025-12-30 10:27:37
PO100778,UA705F,2024-05-20 09:47:33,2024-05-20 10:34:42
PO101135,UA852D,,2024-07-29 13:39:52
PO101679,UA302C,2024-11-15 14:29:40,2024-11-15 15:08:52
PO103104,UA783E,2025-08-21 10:31:02,2025-08-21 11:34:06
PO101665,UA765H,2024-11-12 18:11:24,2024-11-12 19:08:50
PO100708,UA559C,2024-05-06 11:46:21,2024-05-06 13:08:11
PO100561,UA130C,2024-04-10 09:03:38,2024-04-10 10:05:51
PO100654,UA772E,2024-04-26 16:57:52,2024-04-26 17:54:51
PO102648,UA173A,2025-05-23 15:19:38,2025-05-23 16:08:04
PO103067,UA255G,2025-08-13 11:16:22,2025-08-13 11:58:59
PO101271,UA467H,2024-08-26 08:07:13,2024-08-26 13:46:31
PO103597,UA484E,2025-12-04 12:34:17,2025-12-04 13:03:08
PO100418,UA763E,2024-03-14 14:57:34,2024-03-14 16:10:26
PO102518,UA398C,2025-04-30 15:02:33,2025-04-30 16:02:15
PO101879,UA835E,2024-12-21 10:29:09,2024-12-21 11:46:00
PO100987,UA671H,2024-06-27 11:03:55,2024-06-27 12:21:36
PO102386,UA926D,2025-04-03 16:41:52,2025-04-03 17:21:15
PO103248,UA237H,2025-09-22 12:04:37,2025-09-22 12:54:37
PO100131,UA812B,2024-01-25 08:33:43,2024-01-25 09:34:06
PO100848,UA679H,2024-05-31 12:05:38,2024-05-31 12:43:48
PO101150,UA410C,2024-07-30 18:18:42,2024-07-30 18:59:49
PO100025,UA382G,2024-01-04 16:55:52,2024-01-04 18:17:34
PO102632,UA546C,2025-05-21 16:36:01,2025-05-21 17:27:44
PO102440,UA669A,2025-04-14 13:50:52,2025-04-14 14:42:25
PO102391,UA825C,2025-04-04 12:02:42,2025-04-04 13:19:46
PO101805,UA688B,2024-12-11 20:58:55,2024-12-11 21:57:15
PO101890,UA692H,2024-12-24 09:41:45,2024-12-24 10:52:46
PO101528,UA620H,2024-10-15 21:06:13,2024-10-15 22:02:31
PO102455,UA617C,2025-04-17 14:21:49,2025-04-17 15:09:18
PO102204,UA984F,2025-02-25 07:15:14,2025-02-25 08:28:34
PO101809,UA348D,2024-12-11 17:20:42,2024-12-11 18:21:14
PO102906,UA991A,2025-07-14 09:54:38,2025-07-14 10:14:13
PO102343,UA505D,2025-03-25 16:35:46,2025-03-25 17:22:12
PO101023,UA752F,2024-07-05 14:11:24,2024-07-05 15:07:36
PO100873,UA111F,2024-06-05 14:44:56,2024-06-05 16:00:41
PO101567,UA133E,2024-10-24 10:18:58,2024-10-24 11:08:23
PO102678,UA905B,2025-05-29 14:54:01,2025-05-29 15:53:32
PO103644,UA479F,2025-12-12 17:30:57,2025-12-12 18:16:50
PO100226,UA833G,2024-02-09 12:04:25,2024-02-09 13:16:06
PO102023,UA628B,2025-01-17 13:55:26,2025-01-17 15:09:53
PO101470,UA880G,2024-10-01 15:11:23,2024-10-01 16:18:36
PO101462,UA355E,2024-09-30 07:30:52,2024-09-30 08:36:00
PO101057,UA269B,2024-07-12 10:11:36,2024-07-12 10:13:00
PO103111,UA814C,2025-08-22 14:58:51,2025-08-22 16:14:46
PO102964,UA964G,2025-07-24 16:49:20,2025-07-24 17:34:17
PO102228,UA940H,2025-03-03 16:46:01,2025-03-03 17:57:08
PO100948,UA725G,2024-06-18 08:28:38,2024-06-18 09:04:37
PO101909,UA133B,2024-12-27 19:49:36,2024-12-27 21:02:26
PO102059,UA511C,2025-01-24 10:33:54,2025-01-24 11:20:56
PO100355,UA954C,2024-03-01 16:48:08,2024-03-01 18:22:54
PO100068,UA821B,2024-01-15 11:34:04,2024-01-15 12:37:32
PO101698,UA582B,2024-11-19 13:19:51,2024-11-19 14:12:40
PO100722,UA790C,2024-05-08 14:58:52,2024-05-08 15:44:07
PO100146,UA358C,2024-01-29 09:22:03,2024-01-29 10:18:04
PO100416,UA274F,2024-03-14 19:45:43,2024-03-14 21:05:45
PO102441,UA342H,2025-04-15 13:01:26,2025-04-15 13:39:02
PO101531,UA542D,2024-10-16 16:51:17,2024-10-16 17:46:04
PO102572,UA485C,2025-05-09 11:59:24,2025-05-09 12:52:33
PO101177,UA709G,2024-08-05 14:15:58,2024-08-05 15:18:54
PO100172,UA856E,2024-02-01 16:17:25,2024-02-01 16:57:01
PO102486,UA118B,2025-04-24 17:32:05,2025-04-24 18:14:54
PO100727,UA667H,2024-05-09 11:21:27,2024-05-09 12:15:21
PO101896,UA933C,2024-12-25 13:06:39,2024-12-25 13:49:01
PO100056,UA899H,2024-01-11 13:10:37,2024-01-11 14:14:49
PO100139,UA472G,2024-01-27 17:43:01,2024-01-27 18:44:11
PO103472,UA128E,2025-11-04 14:44:01,2025-11-04 15:46:29
PO102244,UA290E,2025-03-05 10:25:31,2025-03-05 11:28:56
PO103196,UA895B,2025-09-11 11:34:36,2025-09-11 12:11:26
PO100450,UA521C,2024-03-20 09:19:16,2024-03-20 09:57:02
PO101998,UA877C,2025-01-14 12:57:45,2025-01-14 13:38:28
PO102595,UA698B,2025-05-14 13:32:43,2025-05-14 14:46:08
PO100989,UA678C,2024-06-28 09:18:51,2024-06-28 10:27:08
PO100970,UA467F,2024-06-24 20:27:52,2024-06-24 21:34:41
PO100137,UA723C,2024-01-27 12:04:31,2024-01-27 12:58:11
PO102487,UA889A,2025-04-24 16:24:18,2025-04-24 17:17:37
PO101897,UA306H,2024-12-25 13:25:11,2024-12-25 13:59:41
PO100175,UA901A,2024-02-02 16:38:22,2024-02-02 17:26:08
PO102303,UA775A,2025-03-17 15:04:12,2025-03-17 15:55:02
PO101966,UA244A,2025-01-07 11:55:21,2025-01-07 13:00:42
PO100386,UA128C,2024-03-07 05:45:36,2024-03-07 12:29:52
PO101725,UA791C,2024-11-23 13:58:38,2024-11-23 15:15:51
PO103518,UA223A,2025-11-14 13:38:02,2025-11-14 14:20:28
PO100445,UA245C,2024-03-19 10:33:56,2024-03-19 11:35:10
PO101102,UA589F,2024-07-23 14:13:04,2024-07-23 15:11:14
PO103564,UA299G,2025-11-25 18:53:00,2025-11-25 19:35:57
PO102760,UA428F,2025-06-13 13:47:51,2025-06-13 14:21:10
PO101828,UA362B,2024-12-13 15:16:50,2024-12-13 16:07:06
PO102886,UA518G,2025-07-10 16:41:37,2025-07-10 17:49:21
PO100099,UA615B,2024-01-20 19:56:35,2024-01-20 20:56:09
PO101884,UA492G,2024-12-23 10:31:06,2024-12-23 11:08:38
PO101290,UA346E,2024-08-30 12:41:23,2024-08-30 13:56:50
PO101582,UA432C,2024-10-28 09:58:11,2024-10-28 11:04:56
PO100090,UA525C,2024-01-18 10:22:41,2024-01-18 11:29:47
PO103133,UA451C,2025-08-27 21:24:16,2025-08-27 22:26:31
PO102960,UA930G,2025-07-24 13:15:51,2025-07-24 14:09:58
PO101306,UA978C,2024-09-02 16:26:18,2024-09-02 17:36:30
PO102101,UA308H,2025-01-31 11:00:33,2025-01-31 12:16:27
PO102049,UA705E,2025-01-23 16:19:49,2025-01-23 17:21:44
PO102178,UA104F,2025-02-17 16:42:35,2025-02-17 17:42:41
PO102871,UA331G,2025-07-08 15:41:04,2025-07-08 16:35:32
PO102662,UA911E,2025-05-28 09:39:50,2025-05-28 10:32:40
PO101030,UA362E,2024-07-06 13:38:29,2024-07-06 15:10:42
PO101330,UA328E,2024-09-06 14:21:54,2024-09-06 15:28:12
PO100040,UA831F,2024-01-08 17:38:28,2024-01-08 18:48:29
PO101013,UA548B,2024-07-03 12:07:21,2024-07-03 13:04:54
PO100944,UA488E,2024-06-18 18:10:24,2024-06-18 19:07:18
PO100666,UA347D,2024-04-29 16:57:01,2024-04-29 17:57:14
PO102968,UA309H,2025-07-25 13:14:26,2025-07-25 13:47:47
PO100453,UA100F,2024-03-20 13:46:42,2024-03-20 14:53:59
PO100781,UA332A,2024-05-20 15:54:10,2024-05-20 16:54:22
PO100170,UA156C,2024-02-01 14:03:47,2024-02-01 15:06:21
PO101149,UA534H,2024-07-30 15:57:28,2024-07-30 17:20:53
PO100178,UA155E,2024-02-02 16:00:26,2024-02-02 17:39:03
PO102185,UA385B,2025-02-19 09:32:56,2025-02-19 10:22:57
PO100337,UA133B,2024-02-28 21:32:04,2024-02-28 22:34:18
PO101919,UA165F,2024-12-30 13:22:58,2024-12-30 14:00:03
PO102167,UA171C,2025-02-14 14:09:14,2025-02-14 15:04:57
PO100404,UA339C,2024-03-12 12:21:13,2024-03-12 13:14:37
PO101557,UA885H,2024-10-23 21:26:55,2024-10-23 22:19:37
PO103704,UA726E,2025-12-25 14:07:46,2025-12-25 15:07:33
PO101601,UA198E,2024-10-31 16:02:14,2024-10-31 16:47:57
PO101642,UA274H,2024-11-08 18:25:39,2024-11-08 19:10:58
PO100352,UA190E,2024-03-01 15:54:26,2024-03-01 16:49:00
PO100625,UA549E,2024-04-22 15:13:57,2024-04-22 16:00:56
PO102241,UA875E,2025-03-05 13:55:41,2025-03-05 15:05:44
PO103217,UA604A,2025-09-15 19:35:06,2025-09-15 20:22:59
PO103166,UA366F,2025-09-04 06:13:38,2025-09-04 07:01:52
PO101552,UA393B,2024-10-22 22:50:49,2024-10-23 00:02:17
PO102184,UA551F,2025-02-19 16:21:38,2025-02-19 17:17:50
PO103279,UA739G,2025-09-26 08:15:26,2025-09-26 09:18:16
PO102509,UA104C,2025-04-28 17:19:39,2025-04-28 18:16:24
PO102090,UA789F,2025-01-30 11:34:21,2025-01-30 11:59:25
PO100724,UA612C,2024-05-08 15:58:37,2024-05-08 16:36:33
PO100699,UA789H,2024-05-03 18:33:37,2024-05-03 19:29:06
PO102685,UA337D,2025-05-30 12:30:42,2025-05-30 12:52:43
PO100359,UA805A,2024-03-02 12:38:15,2024-03-02 13:38:14
PO103678,UA841B,2025-12-18 11:34:14,2025-12-18 12:31:07
PO101322,UA675C,2024-09-04 14:41:34,2024-09-04 15:09:22
PO101614,UA489H,2024-11-02 10:59:43,2024-11-02 11:53:20
PO102781,UA824B,2025-06-18 18:00:16,2025-06-18 19:23:05
PO103474,UA520F,2025-11-04 12:22:06,2025-11-04 13:36:14
PO103470,UA612F,2025-11-04 09:22:29,2025-11-04 10:19:23
PO102607,UA521H,2025-05-16 11:48:22,2025-05-16 12:39:30
PO101526,UA459H,2024-10-15 21:13:33,2024-10-15 21:53:59
PO102862,UA815A,07/07/2025 08:54,2025-07-07 09:38:04
PO100619,UA738G,2024-04-22 09:10:52,2024-04-22 10:02:04
PO100466,UA614G,2024-03-22 15:21:45,2024-03-22 16:29:10
PO101435,UA476H,2024-09-25 16:44:12,2024-09-25 17:27:00
PO103613,UA128C,2025-12-06 07:12:42,2025-12-06 08:20:34
PO103506,UA851H,2025-11-12 17:08:38,2025-11-12 18:04:01
PO101420,UA544A,,2024-09-23 14:55:14
PO103189,UA674B,2025-09-10 17:45:34,2025-09-10 18:37:58
PO101703,UA827B,2024-11-20 14:47:48,2024-11-20 15:13:24
PO102128,UA747C,2025-02-07 11:53:32,2025-02-07 12:53:59
PO101988,UA431E,2025-01-13 10:16:54,2025-01-13 11:11:56
PO102650,UA242F,2025-05-24 10:15:59,2025-05-24 10:57:30
PO100492,UA257E,2024-03-27 18:21:06,2024-03-27 19:05:49
PO103679,UA947C,2025-12-18 13:48:41,2025-12-18 14:35:25
PO102576,UA616A,2025-05-10 11:41:16,2025-05-10 13:03:10
PO101766,UA968H,2024-12-02 15:02:21,2024-12-02 16:03:00
PO103108,UA696E,2025-08-22 17:23:52,2025-08-22 18:08:18
PO103160,UA753H,2025-09-04 08:26:36,2025-09-04 09:03:56
PO101557,UA885H,2024-10-23 21:26:55,2024-10-23 22:19:37
PO102415,UA177A,2025-04-10 07:05:55,2025-04-10 08:11:40
PO101789,UA224C,2024-12-07 14:26:34,2024-12-07 15:25:06
PO100541,UA769E,2024-04-04 22:28:24,2024-04-04 23:18:36
PO102670,UA752C,2025-05-28 21:50:15,2025-05-28 23:22:23
PO101482,UA288E,2024-10-04 17:43:46,2024-10-04 18:31:42
PO103404,UA571D,2025-10-22 09:04:11,2025-10-22 10:24:56
PO101136,UA623C,2024-07-29 18:25:42,2024-07-29 19:06:58
PO101936,UA919C,2025-01-01 11:44:25,2025-01-01 12:45:27
PO103037,UA947H,2025-08-06 18:15:22,2025-08-06 19:20:53
PO101581,UA152D,2024-10-28 18:25:24,2024-10-28 18:58:38
PO100480,UA572G,2024-03-26 11:10:38,2024-03-26 12:13:27
PO102266,UA508H,2025-03-11 17:06:17,2025-03-11 18:04:45
PO102638,UA961F,2025-05-22 13:43:57,2025-05-22 14:34:30
PO100103,UA140H,2024-01-22 13:16:13,2024-01-22 13:44:12
PO101479,UA608H,2024-10-03 23:08:46,2024-10-04 00:01:31
PO102712,UA392D,2025-06-05 17:12:31,2025-06-05 17:57:31
PO100743,UA681H,13/05/2024 16:13,2024-05-13 17:10:28
PO103345,UA555H,2025-10-11 11:16:41,2025-10-11 12:04:49
PO103371,UA993D,2025-10-16 15:27:11,2025-10-16 16:50:06
PO100054,UA729F,10/01/2024 11:54,2024-01-10 12:42:57
PO100988,UA238F,2024-06-28 09:10:13,2024-06-28 10:05:52
PO103086,UA651H,2025-08-18 07:43:20,2025-08-18 08:38:46
PO100069,UA825D,2024-01-15 11:07:06,2024-01-15 12:10:07
PO103556,UA834H,2025-11-23 17:46:16,2025-11-23 18:11:33
PO100718,UA807F,2024-05-07 20:46:46,2024-05-07 21:39:36
PO101101,UA439G,,2024-07-23 13:33:33
PO102775,UA503F,2025-06-17 10:44:21,2025-06-17 11:15:10
PO100334,UA989A,2024-02-28 11:21:34,2024-02-28 12:12:53
PO103587,UA662H,2025-12-02 15:29:48,2025-12-02 16:07:19
PO101392,UA221C,2024-09-18 12:39:44,2024-09-18 13:00:10
PO102835,UA573F,2025-07-01 17:17:21,2025-07-01 17:59:54
PO101240,UA300D,2024-08-19 11:48:50,2024-08-19 12:51:56
PO100785,UA916H,2024-05-20 09:25:15,2024-05-20 10:26:27
PO101174,UA749E,2024-08-03 13:57:24,2024-08-03 15:16:13
PO101159,UA278A,2024-07-31 15:27:25,2024-07-31 16:29:31
PO101316,UA739D,2024-09-04 21:16:40,2024-09-04 21:40:46
PO101138,UA320H,2024-07-29 12:13:44,2024-07-29 13:03:21
PO102594,UA766A,2025-05-14 11:24:59,2025-05-14 12:18:13
PO102707,UA144G,2025-06-04 11:56:15,2025-06-04 12:52:47
PO100128,UA813D,2024-01-25 08:55:17,2024-01-25 09:51:03
PO101584,UA559D,2024-10-28 20:14:29,2024-10-28 21:06:27
PO101975,UA200H,2025-01-09 15:06:31,2025-01-09 15:41:42
PO103287,UA400H,2025-09-30 11:04:01,2025-09-30 11:42:19
PO102538,UA548D,2025-05-02 11:28:04,2025-05-02 12:52:24
PO102468,UA613E,2025-04-18 20:53:43,2025-04-18 22:07:11
PO101262,UA545D,2024-08-22 03:08:10,2024-08-22 13:26:21
PO103277,UA380C,2025-09-26 10:44:40,2025-09-26 11:29:13
PO102508,UA805B,2025-04-28 07:05:05,2025-04-28 07:25:35
PO101107,UA813G,2024-07-23 10:09:26,2024-07-23 11:26:11
PO100951,UA840F,19/06/2024 13:18,2024-06-19 14:05:32
PO102818,UA510D,2025-06-27 20:41:20,2025-06-27 21:34:47
PO102123,UA907D,06/02/2025 17:14,2025-02-06 18:28:22
PO101130,UA987F,2024-07-28 13:09:45,2024-07-28 14:21:23
PO103714,UA512E,2025-12-26 12:30:54,2025-12-26 13:29:23
PO101559,UA941B,2024-10-23 21:05:51,2024-10-23 21:47:05
PO100462,UA626A,2024-03-22 18:21:18,2024-03-22 19:22:52
PO102433,UA346C,2025-04-14 14:41:34,2025-04-14 15:48:58
PO100640,UA636E,2024-04-24 12:10:25,2024-04-24 13:40:07
PO102504,UA883C,2025-04-28 15:39:08,2025-04-28 16:33:51
PO102985,UA784B,2025-07-29 16:00:13,2025-07-29 16:40:27
PO102567,UA319B,2025-05-08 11:19:52,2025-05-08 11:44:16
PO100758,UA178A,2024-05-15 11:20:46,2024-05-15 12:29:17
PO103378,UA317A,2025-10-18 14:37:57,2025-10-18 15:33:05
PO100930,UA322G,2024-06-14 20:35:02,2024-06-14 21:48:42
PO100231,UA437D,2024-02-10 15:42:39,2024-02-10 16:57:33
PO102461,UA813H,2025-04-18 16:35:08,2025-04-18 17:41:31
PO101320,UA948B,2024-09-04 18:41:48,2024-09-04 18:59:12
PO100556,UA670C,2024-04-08 15:14:27,2024-04-08 16:07:29
PO100544,UA139H,2024-04-05 08:59:18,2024-04-05 09:54:12
PO103258,UA748C,2025-09-23 17:51:12,2025-09-23 18:59:09
PO103180,UA398H,2025-09-08 11:09:47,2025-09-08 12:07:20
PO103072,UA928E,2025-08-14 15:42:21,2025-08-14 16:54:41
PO103178,UA244F,2025-09-08 10:08:21,2025-09-08 10:52:57
PO100099,UA615B,2024-01-20 19:56:35,2024-01-20 20:56:09
PO101431,UA282A,2024-09-24 08:38:16,2024-09-24 09:42:46
PO101251,UA824H,2024-08-20 21:50:17,2024-08-20 22:24:59
PO102693,UA562E,2025-06-02 10:26:27,2025-06-02 11:38:23
PO101888,UA545C,2024-12-24 07:36:06,2024-12-24 08:19:06
PO101900,UA729E,2024-12-26 10:38:19,2024-12-26 11:31:49
PO101006,UA850D,2024-07-02 09:16:27,2024-07-02 09:58:14
PO102445,UA107E,2025-04-15 19:38:17,2025-04-15 20:21:50
PO103007,UA574D,2025-08-01 15:04:05,2025-08-01 15:41:41
PO101471,UA978C,2024-10-01 11:10:45,2024-10-01 11:58:50
PO102713,UA670F,2025-06-05 07:35:19,2025-06-05 08:27:27
PO103192,UA835G,2025-09-10 22:08:16,2025-09-10 23:03:48
PO103161,UA915A,2025-09-04 12:12:10,2025-09-04 12:53:50
PO102820,UA607B,2025-06-27 12:49:20,2025-06-27 14:04:20
PO103283,UA876E,2025-09-29 14:49:25,2025-09-29 15:29:30
PO102061,UA790E,2025-01-24 19:19:20,2025-01-24 20:33:21
PO102310,UA676F,2025-03-18 18:52:16,2025-03-18 19:52:17
PO100295,UA835G,2024-02-21 15:58:38,2024-02-21 17:17:29
PO102770,UA257D,2025-06-17 12:08:52,2025-06-17 13:04:08
PO103700,UA836E,2025-12-24 17:32:47,2025-12-24 18:40:06
PO103427,UA475F,2025-10-28 07:25:42,2025-10-28 08:32:53
PO103575,UA896G,2025-11-27 06:46:46,2025-11-27 07:32:39
PO100798,UA284G,2024-05-22 21:03:44,2024-05-22 22:07:58
PO102354,UA358H,2025-03-27 10:58:53,2025-03-27 11:57:39
PO100160,UA290G,2024-01-31 08:56:36,2024-01-31 10:05:08
PO101237,UA148B,2024-08-18 16:48:56,2024-08-18 17:26:51
PO100651,UA538C,2024-04-26 07:01:00,2024-04-26 08:21:13
PO103502,UA640A,2025-11-11 13:34:45,2025-11-11 14:26:47
PO102743,UA837G,2025-06-09 07:59:50,2025-06-09 08:49:29
PO100910,UA569E,2024-06-11 11:50:38,2024-06-11 12:34:04
PO100094,UA119C,2024-01-19 13:32:03,2024-01-19 14:36:13
PO102432,UA914B,2025-04-14 07:57:40,2025-04-14 09:04:55
PO102917,UA705D,2025-07-16 18:07:43,2025-07-16 19:09:15
PO103353,UA653H,2025-10-14 13:54:19,2025-10-14 14:22:21
PO101558,UA680D,2024-10-23 14:56:52,2024-10-23 15:44:13
PO100321,UA665D,2024-02-26 14:18:54,2024-02-26 15:16:58
PO100015,UA507F,2024-01-03 16:44:01,2024-01-03 17:09:56
PO100976,UA179E,2024-06-26 16:26:57,2024-06-26 17:06:42
PO103140,UA239C,2025-08-28 18:28:41,2025-08-28 19:01:51
PO101447,UA682C,2024-09-27 10:52:28,2024-09-27 11:52:32
PO100463,UA639B,2024-03-22 11:19:19,2024-03-22 12:24:23
PO100080,UA928B,2024-01-17 13:20:31,2024-01-17 13:56:12
PO101693,UA384E,2024-11-18 16:55:23,2024-11-18 17:47:03
PO101720,UA774B,2024-11-22 10:31:21,2024-11-22 10:56:00
PO100644,UA943A,2024-04-24 17:08:51,2024-04-24 17:50:31
PO100620,UA736A,2024-04-22 17:59:32,2024-04-22 18:46:05
PO100652,UA400A,2024-04-26 05:11:06,2024-04-26 11:20:13
PO100254,UA654D,2024-02-15 17:16:21,2024-02-15 18:09:11
PO101882,UA448E,2024-12-22 12:29:08,2024-12-22 13:04:16
PO100874,UA597B,2024-06-05 20:18:25,2024-06-05 21:12:54
PO100467,UA815A,2024-03-22 07:52:42,2024-03-22 09:12:13
PO100754,UA448E,2024-05-15 08:39:41,2024-05-15 09:22:41
PO103343,UA229G,2025-10-11 19:25:53,2025-10-11 20:24:36
PO100942,UA535D,2024-06-17 20:46:03,2024-06-17 21:43:59
PO100883,UA298H,2024-06-06 09:54:45,2024-06-06 10:20:47
PO100292,UA969A,2024-02-21 11:34:48,2024-02-21 12:24:38
PO100234,UA303B,,2024-02-10 16:57:22
PO102790,UA722E,2025-06-20 10:48:45,2025-06-20 11:50:13
PO101678,UA239F,2024-11-15 13:23:21,2024-11-15 14:19:22
PO103501,UA835G,2025-11-11 12:05:18,2025-11-11 13:06:31
PO101305,UA811A,2024-09-02 18:57:26,2024-09-02 19:48:40
PO101767,UA193C,2024-12-02 09:06:49,2024-12-02 09:46:39
PO101519,UA900G,2024-10-14 22:28:49,2024-10-14 23:09:12
PO102272,UA681B,2025-03-12 08:48:33,2025-03-12 10:04:35
PO103328,UA607F,2025-10-06 10:23:36,2025-10-06 11:21:02
PO102098,UA769E,2025-01-30 17:33:41,2025-01-30 18:02:13
PO102834,UA472A,2025-07-01 09:14:25,2025-07-01 10:19:20
PO102418,UA359E,2025-04-10 21:04:45,2025-04-10 22:02:19
PO102026,UA983G,2025-01-18 09:25:31,2025-01-18 10:23:16
PO101486,UA380E,2024-10-07 16:57:26,2024-10-07 18:04:46
PO101242,UA215F,2024-08-19 18:55:50,2024-08-19 19:34:32
PO100535,UA736F,2024-04-04 09:45:53,2024-04-04 10:31:03
PO102677,UA859E,2025-05-29 20:15:56,2025-05-29 20:30:44
PO102977,UA216E,2025-07-28 10:55:27,2025-07-28 11:49:39
PO102629,UA781B,2025-05-21 12:10:44,2025-05-21 13:13:39
PO100526,UA588A,2024-04-03 15:27:10,2024-04-03 16:05:21
PO101426,UA680D,2024-09-24 14:52:28,2024-09-24 15:52:53
PO101081,UA625F,2024-07-18 10:34:56,2024-07-18 11:16:55
PO102448,UA536H,2025-04-16 22:08:36,2025-04-16 23:22:53
PO103439,UA751B,,2025-10-30 12:07:21
PO102876,UA201C,2025-07-09 13:42:38,2025-07-09 14:30:25
PO103110,UA133C,2025-08-22 08:07:49,2025-08-22 08:58:37
PO100590,UA890G,2024-04-16 10:01:09,2024-04-16 11:00:31
PO100674,UA296H,2024-04-30 21:00:49,2024-04-30 22:01:15
PO103245,UA549B,2025-09-21 16:39:54,2025-09-21 17:37:53
PO102155,UA872F,2025-02-13 17:46:30,2025-02-13 18:41:38
PO101347,UA652C,2024-09-10 09:55:40,2024-09-10 10:54:48
PO101376,UA761H,2024-09-14 14:59:30,2024-09-14 16:12:54
PO100836,UA617D,2024-05-29 09:53:55,2024-05-29 10:44:42
PO100252,UA796H,2024-02-14 13:25:22,2024-02-14 14:35:52
PO100667,UA645E,2024-04-29 08:34:59,2024-04-29 09:00:29
PO102210,UA963E,2025-02-25 14:16:15,2025-02-25 15:11:53
PO101872,UA358A,2024-12-20 14:04:30,2024-12-20 14:57:54
PO100391,UA327H,2024-03-08 11:13:17,2024-03-08 12:27:19
PO101468,UA918E,2024-10-01 17:30:39,2024-10-01 18:23:08
PO103259,UA342B,2025-09-23 11:51:24,2025-09-23 12:14:34
PO101363,UA226E,2024-09-12 15:39:15,2024-09-12 16:51:09
PO100795,UA940H,2024-05-22 15:58:57,2024-05-22 16:59:56
PO101985,UA281G,2025-01-11 13:00:59,2025-01-11 13:53:37
PO101934,UA685F,01/01/2025 09:52,2025-01-01 10:51:27
PO102105,UA527A,2025-01-31 16:50:50,2025-01-31 17:32:06
PO102717,UA463H,2025-06-05 09:51:42,2025-06-05 11:12:07
PO100682,UA451G,2024-05-01 16:13:17,2024-05-01 16:33:44
PO102852,UA686H,2025-07-05 16:34:09,2025-07-05 17:17:42
PO101206,UA681G,2024-08-10 13:37:42,2024-08-10 14:53:38
PO101078,UA997D,2024-07-17 14:03:12,2024-07-17 15:22:55
PO103329,UA167C,2025-10-07 14:37:10,2025-10-07 15:54:12
PO103710,UA214A,2025-12-26 10:52:26,2025-12-26 11:57:33
PO102395,UA666H,2025-04-05 17:18:07,2025-04-05 18:04:19
PO100152,UA593D,2024-01-30 10:38:31,2024-01-30 11:54:04
PO101525,UA608A,2024-10-15 18:02:54,2024-10-15 18:53:26
PO103553,UA333E,2025-11-22 15:20:06,2025-11-22 15:39:12
PO100828,UA909G,2024-05-28 10:49:21,2024-05-28 12:05:58
PO101255,UA451A,2024-08-21 07:27:13,2024-08-21 08:13:02
PO100525,UA987F,2024-04-03 12:13:55,2024-04-03 13:16:22
PO101266,UA113G,2024-08-23 22:10:18,2024-08-23 22:53:06
PO102070,UA817G,2025-01-27 21:35:49,2025-01-27 22:33:05
PO100406,UA103C,2024-03-12 16:55:14,2024-03-12 17:52:33
PO100258,UA539F,2024-02-15 13:08:51,2024-02-15 14:06:22
PO103639,UA476C,2025-12-12 07:46:49,2025-12-12 08:15:56
PO102749,UA520F,2025-06-11 09:32:38,2025-06-11 10:49:30
PO102437,UA468A,2025-04-14 18:13:07,2025-04-14 18:55:07
PO100186,UA986F,,2024-02-02 13:19:12
PO102092,UA890C,2025-01-30 18:13:24,2025-01-30 19:03:00
PO100474,UA561E,2024-03-25 09:28:49,2024-03-25 10:32:38
PO102901,UA224G,2025-07-12 15:15:10,2025-07-12 16:05:36
PO100813,UA242D,2024-05-25 16:31:28,2024-05-25 17:27:48
PO102389,UA265E,2025-04-04 08:50:26,2025-04-04 09:57:19
PO101167,UA229E,2024-08-02 17:29:29,2024-08-02 18:12:08
PO103261,UA519E,2025-09-24 15:58:13,2025-09-24 17:03:42
PO100365,UA946A,2024-03-04 17:28:10,2024-03-04 18:29:46
PO103090,UA258H,2025-08-19 16:15:15,2025-08-19 17:04:24
PO102246,UA751B,2025-03-06 12:26:56,2025-03-06 13:32:02
PO101859,UA170G,2024-12-17 13:25:02,2024-12-17 14:44:07
PO103009,UA471A,2025-08-02 15:13:57,2025-08-02 16:32:40
PO102621,UA577G,2025-05-20 16:40:13,2025-05-20 17:20:30
PO103250,UA571E,2025-09-22 13:33:24,2025-09-22 14:33:32
PO101351,UA366C,2024-09-10 09:38:54,2024-09-10 10:57:44
PO102364,UA125B,2025-04-01 17:44:39,2025-04-01 18:19:43
PO100330,UA913D,2024-02-27 11:22:46,2024-02-27 12:01:37
PO100513,UA265D,2024-04-01 16:01:39,2024-04-01 16:35:43
PO100663,UA221F,2024-04-27 13:04:04,2024-04-27 14:06:52
PO100346,UA886B,,2024-02-29 13:54:47
PO101604,UA511E,2024-10-31 11:21:00,2024-10-31 12:12:11
PO100833,UA101E,2024-05-28 15:51:08,2024-05-28 16:41:23
PO100684,UA860A,2024-05-01 09:25:21,2024-05-01 10:00:50
PO103367,UA718C,2025-10-16 15:41:26,2025-10-16 17:00:20
PO101677,UA407H,2024-11-15 13:49:41,2024-11-15 14:45:37
PO103051,UA929D,2025-08-09 18:27:19,2025-08-09 19:30:44
PO100257,UA595C,2024-02-15 11:15:29,2024-02-15 11:41:14
PO100773,UA242B,2024-05-17 11:49:09,2024-05-17 12:51:40
PO100067,UA968D,2024-01-13 10:39:01,2024-01-13 11:41:42
PO101951,UA100G,2025-01-06 08:20:52,2025-01-06 09:19:13
PO103467,UA801H,2025-11-04 12:04:34,2025-11-04 12:57:19
PO102981,UA585F,2025-07-29 10:37:36,2025-07-29 11:19:09
PO101716,UA836H,2024-11-21 17:18:07,2024-11-21 18:26:10
PO101993,UA663D,2025-01-13 16:33:08,2025-01-13 17:29:16
PO102421,UA885G,2025-04-11 20:23:38,2025-04-11 21:37:02
PO102692,UA526A,2025-06-02 06:43:47,2025-06-02 07:45:29
PO100235,UA628B,2024-02-11 13:17:20,2024-02-11 14:13:30
PO102857,UA980A,2025-07-05 14:28:09,2025-07-05 15:34:54
PO100646,UA880A,2024-04-25 11:50:48,2024-04-25 12:47:23
PO102466,UA411F,,2025-04-18 18:36:14
PO102348,UA229E,2025-03-26 16:52:30,2025-03-26 17:30:28
PO101667,UA368E,2024-11-13 14:08:05,2024-11-13 15:13:16
PO101823,UA251D,2024-12-12 14:44:15,2024-12-12 15:26:25
PO102078,UA798G,2025-01-28 10:16:23,2025-01-28 11:31:05
PO101139,UA820E,2024-07-29 19:07:04,2024-07-29 19:59:07
PO100542,UA133D,2024-04-04 11:56:07,2024-04-04 12:53:56
PO101314,UA988D,2024-09-04 19:21:44,2024-09-04 20:29:46
PO103712,UA881B,2025-12-26 16:33:10,2025-12-26 17:46:06
PO100201,UA714F,2024-02-07 23:12:58,2024-02-08 00:09:13
PO101964,UA538G,2025-01-07 13:03:23,2025-01-07 14:15:07
PO101296,UA495H,2024-09-02 09:10:12,2024-09-02 10:02:00
PO102362,UA117F,2025-03-31 19:48:53,2025-03-31 20:56:05
PO100307,UA259D,2024-02-23 12:14:28,2024-02-23 13:20:47
PO102989,UA147A,2025-07-30 06:14:05,2025-07-30 07:17:12
PO101309,UA632F,2024-09-03 13:10:32,2024-09-03 14:08:44
PO100130,UA933A,2024-01-25 09:53:11,2024-01-25 10:48:58
PO100396,UA688A,2024-03-11 21:25:15,2024-03-11 22:23:05
PO103672,UA916F,2025-12-17 12:54:18,2025-12-17 13:56:19
PO101930,UA622F,2025-01-01 13:52:34,2025-01-01 14:45:37
PO100327,UA230E,2024-02-27 16:35:59,2024-02-27 17:29:35
PO100192,UA807G,2024-02-05 15:08:45,2024-02-05 15:53:40
PO100723,UA621G,2024-05-08 16:44:24,2024-05-08 17:41:35
PO101855,UA187A,2024-12-17 13:28:05,2024-12-17 14:08:45
PO100308,UA470D,2024-02-23 12:17:27,2024-02-23 12:53:02
PO101065,UA624F,2024-07-15 18:00:43,2024-07-15 19:07:38
PO101398,UA531C,2024-09-20 16:37:57,2024-09-20 17:21:36
PO103042,UA560B,2025-08-07 08:45:23,2025-08-07 09:01:04
PO102969,UA184F,2025-07-25 20:19:56,2025-07-25 21:04:11
PO100496,UA924A,2024-03-28 10:01:52,2024-03-28 10:55:11
PO103081,UA453A,2025-08-16 10:19:27,2025-08-16 11:40:20
PO102916,UA768G,2025-07-15 17:02:10,2025-07-15 17:44:17
PO100385,UA494B,2024-03-07 17:34:04,2024-03-07 18:41:00
PO103280,UA420H,2025-09-27 13:05:43,2025-09-27 14:03:59
PO102701,UA218D,2025-06-03 18:03:19,2025-06-03 19:00:56
PO100583,UA623H,2024-04-15 16:00:04,2024-04-15 17:12:30
PO100398,UA972B,2024-03-11 15:53:58,2024-03-11 16:33:49
PO102403,UA558A,2025-04-07 14:55:53,2025-04-07 15:53:35
PO102995,UA706A,2025-07-30 10:32:40,2025-07-30 11:25:18
PO103299,UA671D,2025-10-01 19:54:19,2025-10-01 20:48:54
PO100007,UA672F,2024-01-02 22:35:32,2024-01-02 22:58:30
PO102773,UA370D,2025-06-17 10:38:05,2025-06-17 11:22:35
PO102581,UA360A,2025-05-12 11:59:19,2025-05-12 12:54:03
PO102811,UA524G,2025-06-25 12:49:38,2025-06-25 13:20:00
PO101630,UA448F,2024-11-07 14:56:09,2024-11-07 16:20:39
PO100162,UA966F,2024-01-31 15:44:18,2024-01-31 16:28:29
PO101335,UA869B,2024-09-06 15:54:42,2024-09-06 16:40:29
PO103492,UA157F,2025-11-09 09:57:45,2025-11-09 10:42:19
PO101104,UA554C,2024-07-23 09:57:06,2024-07-23 10:49:15
PO100937,UA717D,2024-06-17 17:31:18,2024-06-17 18:56:38
PO101040,UA412F,2024-07-09 09:13:40,2024-07-09 10:27:39
PO101367,UA619F,2024-09-13 09:57:45,2024-09-13 10:54:57
PO103122,UA524A,2025-08-25 20:55:39,2025-08-25 21:30:49
PO101275,UA415A,2024-08-28 12:11:47,2024-08-28 13:00:43
PO103527,UA357H,2025-11-18 11:14:04,2025-11-18 12:00:30
PO101927,UA989G,2024-12-31 13:03:38,2024-12-31 13:30:35
PO101950,UA867E,2025-01-05 16:19:14,2025-01-05 17:34:57
PO102069,UA618D,2025-01-27 14:02:48,2025-01-27 15:25:44
PO100570,UA892C,2024-04-12 18:57:28,2024-04-12 19:30:24
PO101160,UA196G,2024-08-01 06:48:01,2024-08-01 07:34:54
PO101561,UA170B,2024-10-23 10:10:37,2024-10-23 11:01:56
PO101592,UA753F,2024-10-30 18:39:22,2024-10-30 19:51:28
PO102702,UA522A,2025-06-03 14:23:22,2025-06-03 15:25:50
PO102745,UA745C,2025-06-10 10:43:09,2025-06-10 11:56:05
PO101881,UA325B,2024-12-21 06:50:24,2024-12-21 07:26:12
PO102530,UA693C,2025-05-01 17:23:03,2025-05-01 18:17:26
PO102082,UA451H,2025-01-29 21:08:25,2025-01-29 22:10:03
PO103183,UA732A,2025-09-08 12:14:19,2025-09-08 13:34:01
PO103098,UA953H,2025-08-20 09:54:59,2025-08-20 10:55:54
PO100048,UA297H,2024-01-10 13:34:44,2024-01-10 14:07:02
PO103247,UA221B,2025-09-22 11:33:44,2025-09-22 12:34:28
PO100030,UA851E,2024-01-05 19:58:45,2024-01-05 21:07:35
PO101596,UA478D,2024-10-30 16:51:09,2024-10-30 17:41:40
PO103054,UA626B,2025-08-10 08:14:57,2025-08-10 09:14:27
PO101926,UA884F,2024-12-31 17:10:21,2024-12-31 18:13:55
PO103226,UA829G,2025-09-16 11:49:11,2025-09-16 16:43:19
PO100502,UA226C,2024-03-30 21:41:00,2024-03-30 22:52:56
PO101847,UA325F,2024-12-16 09:02:30,2024-12-16 10:08:16
PO102502,UA165B,2025-04-26 15:18:00,2025-04-26 16:24:33
PO103536,UA525F,2025-11-20 17:46:46,2025-11-20 18:17:13
PO101186,UA548F,2024-08-06 14:03:57,2024-08-06 15:19:29
PO101269,UA592A,2024-08-26 13:06:56,2024-08-26 14:16:44
PO102559,UA798F,2025-05-07 20:00:51,2025-05-07 21:15:02
PO101857,UA720C,2024-12-17 11:54:30,2024-12-17 12:26:58
PO103231,UA234G,2025-09-17 19:40:20,2025-09-17 20:17:48
PO102579,UA415A,2025-05-11 12:48:06,2025-05-11 14:11:22
PO101863,UA211C,2024-12-18 13:49:30,2024-12-18 14:57:41
PO101795,UA470A,2024-12-09 21:16:13,2024-12-09 22:13:16
PO103392,UA364E,2025-10-21 17:22:55,2025-10-21 18:37:42
PO102971,UA579D,2025-07-26 08:30:15,2025-07-26 09:24:26
PO102550,UA653G,2025-05-05 15:24:08,2025-05-05 16:17:06
PO100433,UA266B,2024-03-18 07:11:24,2024-03-18 08:00:25
PO102302,UA800C,2025-03-17 15:22:46,2025-03-17 16:33:43
PO100997,UA211B,2024-06-29 17:19:50,2024-06-29 18:02:09
PO103660,UA538B,2025-12-16 16:27:35,2025-12-16 17:52:24
PO103576,UA479D,2025-11-27 09:56:00,2025-11-27 11:09:40
PO103451,UA965H,2025-10-31 15:25:50,2025-10-31 16:01:58
PO102828,UA898C,2025-06-30 07:26:03,2025-06-30 08:18:34
PO100367,UA157G,2024-03-05 22:18:14,2024-03-05 23:21:43
PO101077,UA212G,2024-07-17 17:04:08,2024-07-17 17:43:20
PO101079,UA684D,2024-07-18 02:42:04,2024-07-18 09:59:20
PO102729,UA669C,2025-06-06 06:49:28,2025-06-06 07:33:56
PO100261,UA606H,2024-02-15 15:44:37,2024-02-15 16:27:58
PO102861,UA121D,2025-07-07 13:03:02,2025-07-07 13:52:46
PO102784,UA113E,2025-06-18 17:19:14,2025-06-18 18:16:03
PO103097,UA292H,2025-08-20 12:17:50,2025-08-20 13:41:21
PO102347,UA114B,2025-03-26 20:11:47,2025-03-26 21:24:30
PO100557,UA957B,2024-04-09 19:28:11,2024-04-09 20:15:21
PO102624,UA792G,2025-05-20 10:46:10,2025-05-20 10:55:56
PO102067,UA779E,2025-01-25 14:10:39,2025-01-25 15:10:25
PO100573,UA732B,2024-04-13 12:09:36,2024-04-13 12:29:00
PO103735,UA570A,2025-12-31 12:42:09,2025-12-31 13:33:36
PO102274,UA513E,2025-03-12 17:50:43,2025-03-12 18:42:54
PO100600,UA359H,2024-04-17 10:16:40,2024-04-17 11:06:53
PO103411,UA717F,2025-10-23 18:31:44,2025-10-23 19:25:30
PO102042,UA981A,2025-01-22 12:02:31,2025-01-22 12:33:27
PO100420,UA509B,2024-03-15 14:31:01,2024-03-15 15:24:04
PO102137,UA993D,2025-02-10 12:20:14,2025-02-10 13:19:31
PO101303,UA908G,2024-09-02 08:55:27,2024-09-02 10:07:56
PO101247,UA510H,2024-08-20 11:33:53,2024-08-20 12:27:59
PO101233,UA919H,2024-08-16 21:05:25,2024-08-16 22:33:37
PO101449,UA295H,2024-09-27 17:48:18,2024-09-27 18:56:13
PO102267,UA509E,2025-03-11 14:25:43,2025-03-11 15:43:16
PO102356,UA294C,2025-03-27 17:11:16,2025-03-27 18:04:34
PO102205,UA846F,2025-02-25 21:03:28,2025-02-25 22:12:01
PO101813,UA812A,2024-12-12 09:05:02,2024-12-12 10:11:18
PO102220,UA942E,2025-02-28 10:01:39,2025-02-28 11:19:00
PO101467,UA978C,2024-09-30 18:35:44,2024-09-30 19:55:15
PO100276,UA609B,2024-02-19 17:20:52,2024-02-19 17:45:37
PO100706,UA508A,06/05/2024 14:30,2024-05-06 15:28:39
PO102335,UA519E,2025-03-24 12:14:47,2025-03-24 13:04:47
PO103139,UA450G,2025-08-28 10:53:31,2025-08-28 11:31:36
PO100454,UA208H,2024-03-20 09:39:14,2024-03-20 10:28:50
PO100114,UA708C,2024-01-23 14:05:53,2024-01-23 15:00:38
PO100072,UA387A,2024-01-16 08:04:37,2024-01-16 08:50:22
PO102029,UA363H,2025-01-20 17:46:15,2025-01-20 18:28:56
PO102131,UA889D,2025-02-08 10:30:42,2025-02-08 11:08:01
PO103229,UA975A,2025-09-17 13:54:13,2025-09-17 14:59:48
PO102927,UA954A,2025-07-17 12:55:19,2025-07-17 13:36:02
PO101392,UA221C,2024-09-18 12:39:44,2024-09-18 13:00:10
PO102064,UA344G,2025-01-25 09:20:41,2025-01-25 10:19:28
PO101826,UA602C,2024-12-13 17:14:11,2024-12-13 17:53:39
PO103557,UA338C,2025-11-23 12:01:56,2025-11-23 12:51:46
PO102584,UA138A,2025-05-12 14:01:46,2025-05-12 14:42:19
PO102290,UA597B,2025-03-14 12:24:48,2025-03-14 13:17:42
PO100919,UA871B,2024-06-12 19:58:20,2024-06-12 20:47:29
PO100452,UA254F,2024-03-20 16:21:05,2024-03-20 17:47:04
PO103358,UA284F,2025-10-14 14:26:32,2025-10-14 15:31:55
PO102453,UA146B,2025-04-16 07:14:08,2025-04-16 08:29:12
PO102696,UA394G,2025-06-02 09:39:07,2025-06-02 10:49:37
PO101515,UA469H,2024-10-12 13:27:10,2024-10-12 14:25:45
PO102393,UA901A,2025-04-05 18:45:40,2025-04-05 19:30:05
PO101566,UA901E,24/10/2024 10:22,2024-10-24 11:33:28
PO100740,UA738A,2024-05-11 12:40:47,2024-05-11 13:12:26
PO102413,UA904C,2025-04-09 16:47:03,2025-04-09 17:32:03
PO101654,UA135E,2024-11-11 16:24:13,2024-11-11 17:38:09
PO100105,UA614F,2024-01-22 13:41:41,2024-01-22 14:40:37
PO101858,UA182E,2024-12-17 16:18:56,2024-12-17 17:00:38
PO103341,UA520G,2025-10-10 16:52:54,2025-10-10 17:46:16
PO103617,UA450A,08/12/2025 10:53,2025-12-08 11:54:06
PO103699,UA293D,2025-12-24 16:02:16,2025-12-24 16:36:37
PO103489,UA612G,2025-11-07 18:31:59,2025-11-07 19:12:32
PO102710,UA366G,2025-06-04 11:25:02,2025-06-04 11:58:28
PO100242,UA998E,2024-02-13 17:47:06,2024-02-13 18:55:48
PO102479,UA211G,2025-04-22 18:51:24,2025-04-22 19:44:37
PO102863,UA882C,2025-07-07 11:54:34,2025-07-07 13:22:44
PO103572,UA347E,2025-11-26 08:34:05,2025-11-26 09:44:50
PO103276,UA647H,2025-09-26 07:14:13,2025-09-26 08:18:52
PO101989,UA482G,2025-01-13 20:19:42,2025-01-13 21:06:22
PO101570,UA607F,2024-10-25 15:15:27,2024-10-25 15:53:11
PO101620,UA269D,2024-11-05 17:11:58,2024-11-05 18:12:29
PO102679,UA147D,2025-05-29 12:11:48,2025-05-29 13:09:34
PO100097,UA880B,2024-01-20 16:56:39,2024-01-20 17:44:00
PO102516,UA746A,2025-04-29 20:05:43,2025-04-29 20:56:09
PO101191,UA799A,2024-08-07 15:18:43,2024-08-07 15:58:29
PO100085,UA324A,2024-01-18 09:49:53,2024-01-18 10:59:26
PO102750,UA235G,2025-06-11 17:39:08,2025-06-11 18:25:59
PO101719,UA628D,2024-11-22 09:49:42,2024-11-22 10:29:30
PO100010,UA147D,2024-01-02 14:03:41,2024-01-02 15:10:25
PO102653,UA778D,2025-05-26 09:49:47,2025-05-26 10:48:32
PO100879,UA285C,2024-06-06 12:09:04,2024-06-06 12:56:08
PO101340,UA303A,2024-09-09 18:30:33,2024-09-09 19:55:30
PO100774,UA809G,,2024-05-17 15:49:53
PO101386,UA468B,2024-09-17 20:23:55,2024-09-17 21:05:17
PO103211,UA799D,2025-09-15 09:52:01,2025-09-15 10:37:01
PO100277,UA947D,2024-02-19 13:05:13,2024-02-19 14:21:08
PO101409,UA338A,2024-09-21 14:54:19,2024-09-21 15:45:43
PO101593,UA249H,2024-10-30 08:02:25,2024-10-30 08:57:16
PO101373,UA251F,2024-09-13 11:30:37,2024-09-13 12:21:19
PO100089,UA698E,18/01/2024 11:26,2024-01-18 12:14:04
PO100091,UA480G,2024-01-19 17:00:07,2024-01-19 18:06:19
PO102814,UA262F,2025-06-26 13:55:14,2025-06-26 14:49:14
PO100281,UA989D,2024-02-20 19:29:43,2024-02-20 20:27:28
PO103056,UA785E,2025-08-11 17:13:55,2025-08-11 18:09:41
PO101907,UA632E,,2024-12-27 12:21:58
PO102700,UA946C,2025-06-03 16:51:22,2025-06-03 17:38:39
PO101485,UA338F,2024-10-07 09:12:16,2024-10-07 10:19:45
PO103496,UA782A,2025-11-10 19:49:20,2025-11-10 21:12:18
PO101824,UA124E,2024-12-13 10:40:20,2024-12-13 11:30:39
PO101325,UA935B,2024-09-04 16:51:12,2024-09-04 17:56:25
PO103275,UA298E,2025-09-26 16:42:55,2025-09-26 17:45:56
PO101427,UA946C,2024-09-24 11:24:19,2024-09-24 12:55:10
PO100993,UA278F,2024-06-28 11:26:04,2024-06-28 12:34:47
PO100366,UA231B,2024-03-04 12:11:39,2024-03-04 13:31:34
PO102072,UA528H,2025-01-27 11:26:13,2025-01-27 12:34:37
PO100677,UA128F,2024-04-30 21:05:01,2024-04-30 22:14:32
PO102027,UA516C,2025-01-20 17:04:29,2025-01-20 17:54:25
PO100999,UA498H,2024-06-29 09:57:10,2024-06-29 10:55:06
PO101190,UA196H,2024-08-07 17:29:46,2024-08-07 17:51:50
PO103407,UA683E,2025-10-23 19:35:31,2025-10-23 20:22:17
PO102359,UA535C,2025-03-29 17:59:00,2025-03-29 18:51:51
PO103109,UA847C,2025-08-22 05:17:13,2025-08-22 11:52:29
PO102689,UA274D,,2025-05-30 10:45:34
PO101760,UA438C,2024-11-30 16:39:10,2024-11-30 17:46:11
PO102289,UA998F,2025-03-14 15:57:07,2025-03-14 16:29:33
PO102715,UA507D,2025-06-05 14:45:54,2025-06-05 15:38:37
PO101343,UA761H,2024-09-09 08:59:00,2024-09-09 10:01:32
PO100095,UA758H,2024-01-19 07:39:35,2024-01-19 08:59:56
PO101287,UA288B,2024-08-30 13:17:19,2024-08-30 14:44:08
PO102147,UA839B,2025-02-12 08:31:31,2025-02-12 09:07:05
PO100168,UA690G,2024-01-31 12:21:16,2024-01-31 13:02:30
PO100497,UA124C,2024-03-29 15:05:33,2024-03-29 15:50:20
PO101750,UA199H,2024-11-28 14:11:52,2024-11-28 14:50:02
PO102324,UA211B,2025-03-21 09:32:19,2025-03-21 10:24:04
PO103162,UA443G,2025-09-04 12:49:06,2025-09-04 13:32:00
PO100715,UA406B,2024-05-07 18:33:25,2024-05-07 19:12:32
PO101540,UA623D,2024-10-18 15:58:40,2024-10-18 17:03:49
PO102816,UA905C,2025-06-26 07:25:51,2025-06-26 08:23:01
PO100332,UA759F,2024-02-27 15:44:49,2024-02-27 17:13:12
PO100220,UA178G,2024-02-09 10:47:40,2024-02-09 11:55:21
PO102482,UA307B,2025-04-23 14:45:38,2025-04-23 15:47:47
PO100225,UA362E,2024-02-09 17:57:14,2024-02-09 18:56:27
PO103554,UA235H,2025-11-22 14:20:29,2025-11-22 15:10:29
PO102535,UA515G,2025-05-02 20:44:49,2025-05-02 21:45:29
PO101538,UA697H,2024-10-17 13:13:00,2024-10-17 14:42:48
PO100532,UA938C,2024-04-03 21:44:21,2024-04-03 22:40:24
PO101865,UA935D,2024-12-19 12:55:13,2024-12-19 13:43:24
PO103582,UA156E,2025-12-01 19:04:41,2025-12-01 19:45:32
PO102309,UA809B,2025-03-18 19:18:03,2025-03-18 20:05:19
PO101981,UA683A,2025-01-10 17:42:26,2025-01-10 19:03:28
PO102859,UA898G,2025-07-07 11:10:32,2025-07-07 11:55:45
PO100306,UA802E,2024-02-23 13:12:19,2024-02-23 14:28:15
PO103530,UA685G,2025-11-19 08:27:06,2025-11-19 09:09:33
PO101650,UA493B,2024-11-11 08:12:41,2024-11-11 09:10:09
PO100197,UA690B,2024-02-06 12:00:51,2024-02-06 12:31:10
PO101165,UA886C,01/08/2024 16:04,2024-08-01 16:51:55
PO101619,UA858A,2024-11-05 05:33:22,2024-11-05 15:40:59
PO101147,UA526G,2024-07-30 06:06:12,2024-07-30 06:48:00
PO100495,UA624B,2024-03-28 07:52:10,2024-03-28 08:16:56
PO100111,UA774A,2024-01-23 18:17:49,2024-01-23 19:38:01
PO101109,UA234B,2024-07-23 10:30:27,2024-07-23 11:14:35
PO101270,UA850E,2024-08-26 11:21:31,2024-08-26 11:59:21
PO102562,UA203H,2025-05-07 09:21:46,2025-05-07 10:06:24
PO102740,UA456D,2025-06-09 19:07:25,2025-06-09 20:04:03
PO100370,UA735D,,2024-03-05 12:01:11
PO100794,UA798D,2024-05-22 09:11:34,2024-05-22 10:06:41
PO103147,UA253H,2025-08-30 18:15:27,2025-08-30 18:55:38
PO103365,UA651B,2025-10-16 20:06:39,2025-10-16 21:27:02
PO100927,UA804B,,2024-06-13 11:06:41
PO102322,UA924E,2025-03-21 18:35:15,2025-03-21 19:21:48
PO101816,UA568C,2024-12-12 17:51:50,2024-12-12 18:55:45
PO100397,UA936C,2024-03-11 10:21:55,2024-03-11 11:30:02
PO101179,UA703D,2024-08-05 10:23:57,2024-08-05 11:11:05
PO102838,UA945E,2025-07-02 10:12:20,2025-07-02 11:22:24
PO101216,UA101B,2024-08-13 15:16:44,2024-08-13 16:09:34
PO100798,UA284G,2024-05-22 21:03:44,2024-05-22 22:07:58
PO101299,UA958A,2024-09-02 12:45:34,2024-09-02 13:37:14
PO103260,UA859B,2025-09-23 11:28:56,2025-09-23 12:11:01
PO103123,UA683D,2025-08-25 16:56:17,2025-08-25 18:01:07
PO101063,UA179E,2024-07-15 08:13:31,2024-07-15 09:20:56
PO103010,UA153A,2025-08-02 14:47:39,2025-08-02 15:46:50
PO100419,UA399C,2024-03-14 13:34:03,2024-03-14 14:24:58
PO103281,UA512C,2025-09-27 16:40:20,2025-09-27 17:33:19
PO100376,UA552F,,2024-03-06 18:39:36
PO102512,UA911A,2025-04-29 22:08:24,2025-04-29 23:02:15
PO100471,UA978G,2024-03-23 13:10:53,2024-03-23 13:55:45
PO101542,UA932D,2024-10-18 17:23:28,2024-10-18 18:33:08
PO103148,UA887F,2025-09-01 15:13:03,2025-09-01 15:59:14
PO103321,UA733C,2025-10-06 06:50:49,2025-10-06 07:36:41
PO102608,UA685B,2025-05-16 16:33:01,2025-05-16 17:41:38
PO102351,UA185G,2025-03-26 08:11:34,2025-03-26 09:10:59
PO102631,UA828B,2025-05-21 11:37:26,2025-05-21 12:37:33
PO103318,UA548H,2025-10-04 12:42:53,2025-10-04 13:46:31
PO102520,UA289C,2025-04-30 16:46:25,2025-04-30 18:14:40
PO101762,UA562G,2024-12-02 11:48:24,2024-12-02 12:43:26
PO100799,UA211B,2024-05-22 09:27:38,2024-05-22 10:39:34
PO102060,UA267G,2025-01-24 13:03:56,2025-01-24 13:45:23
PO103532,UA542E,2025-11-19 15:11:56,2025-11-19 16:20:00
PO101487,UA800B,2024-10-08 09:51:24,2024-10-08 11:09:44
PO100539,UA580H,2024-04-04 15:21:01,2024-04-04 16:13:46
PO102676,UA939D,2025-05-29 09:47:07,2025-05-29 10:50:03
PO102330,UA403G,2025-03-24 16:32:34,2025-03-24 17:07:39
PO103326,UA981H,2025-10-06 08:17:02,2025-10-06 08:36:01
PO100984,UA990H,2024-06-27 16:52:00,2024-06-27 17:35:47
PO100481,UA599F,2024-03-26 20:24:53,2024-03-26 21:09:39
PO101480,UA797E,2024-10-03 11:05:46,2024-10-03 12:15:03
PO100224,UA374A,2024-02-09 18:24:52,2024-02-09 18:42:24
PO100673,UA322G,2024-04-30 14:06:46,2024-04-30 15:09:07
PO103292,UA234H,2025-09-30 10:59:34,2025-09-30 11:48:13
PO103015,UA903A,2025-08-04 20:58:06,2025-08-04 21:53:00
PO103498,UA730C,2025-11-11 13:29:05,2025-11-11 14:25:49
PO101394,UA763H,2024-09-19 07:56:18,2024-09-19 08:32:23
PO103198,UA581D,2025-09-11 21:37:56,2025-09-11 23:08:27
PO103142,UA107G,2025-08-28 12:33:04,2025-08-28 13:16:28
PO101352,UA917B,2024-09-11 22:53:59,2024-09-11 23:50:11
PO100995,UA846E,2024-06-29 19:07:35,2024-06-29 20:27:39
PO100581,UA717D,2024-04-15 16:50:05,2024-04-15 17:30:28
PO101046,UA634B,2024-07-10 17:43:30,2024-07-10 18:09:13
PO100078,UA782F,2024-01-16 17:13:33,2024-01-16 18:20:13
PO102596,UA994G,2025-05-14 15:58:27,2025-05-14 17:06:14
PO100436,UA940D,2024-03-18 16:06:53,2024-03-18 17:21:39
PO102797,UA311F,2025-06-23 06:20:30,2025-06-23 07:10:22
PO103478,UA586H,2025-11-05 15:35:45,2025-11-05 16:08:22
PO101759,UA185G,2024-11-30 18:08:42,2024-11-30 19:09:36
PO100827,UA343G,2024-05-28 11:36:49,2024-05-28 12:23:49
PO100126,UA144A,2024-01-24 16:58:06,2024-01-24 17:36:04
PO101253,UA782D,2024-08-21 17:02:18,2024-08-21 17:53:30
PO102806,UA576D,2025-06-24 15:37:40,2025-06-24 16:41:48
PO103115,UA195E,2025-08-22 08:26:09,2025-08-22 08:57:35
PO101961,UA853H,2025-01-06 12:33:53,2025-01-06 13:28:35
PO103552,UA403H,2025-11-22 12:41:24,2025-11-22 13:39:34
PO101597,UA623D,2024-10-30 13:25:52,2024-10-30 14:14:28
PO100577,UA368B,2024-04-13 19:04:25,2024-04-13 19:55:28
PO101576,UA695D,2024-10-26 09:44:12,2024-10-26 11:14:02
PO100622,UA971B,2024-04-22 12:25:41,2024-04-22 13:09:19
PO100768,UA229G,2024-05-17 12:04:57,2024-05-17 12:42:55
PO103447,UA712A,2025-10-31 08:35:12,2025-10-31 09:20:32
PO101230,UA898H,2024-08-16 15:16:41,2024-08-16 16:16:59
PO101341,UA583E,2024-09-09 15:36:25,2024-09-09 17:04:41
PO100660,UA239A,2024-04-26 16:07:24,2024-04-26 17:23:34
PO103079,UA633H,2025-08-15 14:32:43,2025-08-15 15:19:02
PO103658,UA772B,2025-12-15 12:59:37,2025-12-15 13:55:11
PO102851,UA763B,2025-07-04 11:30:05,2025-07-04 12:22:56
PO103701,UA472B,2025-12-24 21:19:39,2025-12-24 22:44:49
PO102893,UA980A,2025-07-11 15:51:00,2025-07-11 16:24:34
PO101518,UA847A,2024-10-14 12:41:02,2024-10-14 13:41:18
PO103539,UA976B,2025-11-20 16:49:44,2025-11-20 17:57:40
PO102544,UA415B,2025-05-05 06:49:32,2025-05-05 07:28:53
PO103568,UA794F,2025-11-26 14:12:06,2025-11-26 15:22:32
PO100260,UA628D,2024-02-15 17:29:57,2024-02-15 18:47:26
PO100283,UA915A,2024-02-20 15:48:49,2024-02-20 16:40:45
PO102683,UA920B,2025-05-30 12:54:11,2025-05-30 13:45:23
PO101615,UA900D,2024-11-04 17:53:04,2024-11-04 18:52:13
PO101185,UA581A,2024-08-06 07:07:31,2024-08-06 07:27:46
PO101974,UA318F,2025-01-09 10:59:05,2025-01-09 12:22:33
PO102523,UA144E,2025-04-30 10:23:18,2025-04-30 11:23:25
PO100456,UA128E,2024-03-21 09:03:34,2024-03-21 10:39:05
PO102369,UA122H,2025-04-01 10:20:17,2025-04-01 10:43:08
PO100435,UA306H,2024-03-18 21:21:27,2024-03-18 22:09:03
PO102936,UA207A,2025-07-18 13:02:05,2025-07-18 13:23:49
PO100300,UA792D,2024-02-22 17:42:49,2024-02-22 19:12:34
PO101763,UA250C,2024-12-02 07:35:02,2024-12-02 08:36:16
PO102485,UA825B,2025-04-24 13:33:35,2025-04-24 14:27:11
PO103673,UA945A,2025-12-17 13:21:14,2025-12-17 14:15:27
PO101933,UA570G,2025-01-01 13:45:54,2025-01-01 14:38:26
PO100439,UA432H,2024-03-18 09:30:05,2024-03-18 10:11:38
PO102374,UA489D,2025-04-02 09:21:39,2025-04-02 10:08:20
PO102025,UA526E,2025-01-18 17:04:42,2025-01-18 17:58:54
PO102452,UA303B,2025-04-16 16:38:27,2025-04-16 17:22:03
PO103338,UA436D,2025-10-09 10:46:36,2025-10-09 11:13:58
PO102613,UA737G,2025-05-17 20:56:17,2025-05-17 21:56:54
PO101627,UA905G,2024-11-06 11:02:32,2024-11-06 11:36:55
PO100293,UA930E,2024-02-21 07:27:23,2024-02-21 08:26:13
PO101838,UA572G,2024-12-14 09:41:43,2024-12-14 11:03:52
PO100279,UA637A,2024-02-19 19:05:16,2024-02-19 20:01:27
PO100656,UA499B,2024-04-26 15:42:53,2024-04-26 16:25:31
PO101059,UA245D,2024-07-13 19:15:08,2024-07-13 20:19:55
PO100733,UA685A,2024-05-09 16:12:10,2024-05-09 16:38:44
PO100554,UA715H,08/04/2024 11:06,2024-04-08 12:15:20
PO102143,UA142A,2025-02-11 08:35:43,2025-02-11 09:54:18
PO103737,UA517H,2025-12-31 06:56:17,2025-12-31 07:44:21
PO101901,UA304H,2024-12-26 15:04:42,2024-12-26 15:59:37
PO103304,UA544G,2025-10-02 15:05:29,2025-10-02 15:58:54
PO102294,UA370D,2025-03-16 10:50:57,2025-03-16 11:28:54
PO102994,UA428A,2025-07-30 11:28:34,2025-07-30 12:33:22
PO101192,UA873A,2024-08-07 18:33:37,2024-08-07 19:13:17
PO101527,UA439G,2024-10-15 16:26:46,2024-10-15 17:25:17
PO101996,UA874C,2025-01-13 14:48:10,2025-01-13 15:45:08
PO101357,UA656A,2024-09-11 18:32:25,2024-09-11 19:01:20
PO101695,UA902C,2024-11-18 19:15:33,2024-11-18 20:09:49
PO100776,UA920A,2024-05-18 15:11:44,2024-05-18 16:23:15
PO100427,UA107H,2024-03-16 12:16:55,2024-03-16 13:12:03
PO101787,UA674A,2024-12-06 15:00:12,2024-12-06 15:46:33
PO101187,UA337G,2024-08-06 21:24:57,2024-08-06 22:13:10
PO102198,UA578H,2025-02-21 16:15:58,2025-02-21 17:18:45
PO102275,UA283B,2025-03-12 08:19:57,2025-03-12 09:18:14
PO100866,UA488B,2024-06-04 17:33:45,2024-06-04 18:38:25
PO103016,UA569E,2025-08-04 07:01:02,2025-08-04 07:58:00
PO101710,UA154C,2024-11-21 09:52:34,2024-11-21 10:38:13
PO103167,UA841G,,2025-09-05 11:32:59
PO101793,UA388H,2024-12-09 22:11:40,2024-12-09 23:13:29
PO101246,UA170E,2024-08-20 18:25:11,2024-08-20 19:36:59
PO100901,UA476B,2024-06-10 10:47:37,2024-06-10 11:51:39
PO102748,UA764A,2025-06-11 13:40:10,2025-06-11 14:48:12
PO103546,UA626F,2025-11-21 10:40:50,2025-11-21 11:19:20
PO101529,UA858A,2024-10-15 06:39:43,2024-10-15 20:39:11
PO100602,UA821G,2024-04-18 14:38:30,2024-04-18 15:54:32
PO101292,UA736D,2024-08-30 17:26:31,2024-08-30 18:29:14
PO103107,UA741D,2025-08-22 08:13:13,2025-08-22 08:50:00
PO100218,UA899G,2024-02-09 14:51:23,2024-02-09 15:14:54
PO103145,UA935F,2025-08-29 03:20:56,2025-08-29 09:53:28
PO102866,UA614F,2025-07-07 07:29:17,2025-07-07 08:33:21
PO102269,UA871H,2025-03-11 14:19:28,2025-03-11 15:00:01
PO100214,UA199F,2024-02-08 17:35:58,2024-02-08 18:24:32
PO100036,UA327C,2024-01-08 17:41:17,2024-01-08 18:30:59
PO102956,UA165D,2025-07-23 16:15:16,2025-07-23 16:49:51
PO102443,UA383F,2025-04-15 15:20:50,2025-04-15 16:28:12
PO100368,UA574D,2024-03-05 17:13:21,2024-03-05 18:26:22
PO102973,UA412B,2025-07-26 16:44:16,2025-07-26 17:51:22
PO100013,UA751B,2024-01-03 07:38:15,2024-01-03 08:41:09
PO100477,UA713E,2024-03-25 17:37:52,2024-03-25 18:13:03
PO103416,UA665D,2025-10-25 12:49:39,2025-10-25 13:24:15
PO103271,UA926H,2025-09-25 14:38:02,2025-09-25 15:24:16
PO101721,UA121C,2024-11-22 21:44:56,2024-11-22 22:51:25
PO102283,UA132C,2025-03-13 13:08:56,2025-03-13 13:53:13
PO102744,UA505C,2025-06-09 11:43:09,2025-06-09 12:46:19
PO103493,UA992B,2025-11-09 17:25:42,2025-11-09 18:07:35
PO101085,UA864B,2024-07-19 06:44:30,2024-07-19 07:32:41
PO103724,UA564A,2025-12-29 16:55:39,2025-12-29 17:29:34
PO101633,UA338B,2024-11-07 14:16:27,2024-11-07 15:19:27
PO100014,UA692B,2024-01-03 07:28:17,2024-01-03 08:23:59
PO103370,UA224E,2025-10-16 12:46:01,2025-10-16 13:56:01
PO102112,UA978G,2025-02-04 12:59:35,2025-02-04 14:12:38
PO102783,UA973G,2025-06-18 03:55:43,2025-06-18 15:14:37
PO101024,UA329E,2024-07-05 17:20:51,2024-07-05 18:01:29
PO100965,UA860E,2024-06-22 18:51:56,2024-06-22 19:37:26
PO100608,UA929A,2024-04-19 10:48:51,2024-04-19 11:46:24
PO102062,UA456B,2025-01-24 11:26:22,2025-01-24 12:02:29
PO102888,UA905B,2025-07-10 20:47:45,2025-07-10 21:48:55
PO100436,UA940D,2024-03-18 16:06:53,2024-03-18 17:21:39
PO100018,UA305A,2024-01-03 18:46:12,2024-01-03 20:15:25
PO102813,UA520E,25/06/2025 12:41,2025-06-25 13:54:34
PO103562,UA312F,2025-11-25 18:00:52,2025-11-25 19:29:38
PO101783,UA910D,2024-12-06 15:42:38,2024-12-06 16:29:26
PO101804,UA354A,2024-12-10 18:31:54,2024-12-10 19:19:15
PO102397,UA421G,2025-04-07 17:17:16,2025-04-07 18:16:45
PO102256,UA740E,2025-03-10 08:35:26,2025-03-10 09:46:09
PO101115,UA694H,2024-07-25 08:35:17,2024-07-25 09:32:45
PO103380,UA198F,2025-10-19 17:06:39,2025-10-19 18:17:11
PO102390,UA244B,2025-04-04 11:13:15,2025-04-04 12:05:33
PO103453,UA565E,,2025-10-31 12:14:19
PO101954,UA834C,2025-01-06 12:17:11,2025-01-06 13:22:14
PO100345,UA444H,2024-02-29 11:28:13,2024-02-29 12:04:06
PO103544,UA873D,2025-11-21 15:34:52,2025-11-21 16:43:13
PO103647,UA314E,2025-12-13 19:22:04,2025-12-13 19:58:48
PO103686,UA893C,2025-12-19 20:00:47,2025-12-19 21:03:46
PO102600,UA709F,2025-05-15 17:13:46,2025-05-15 18:22:53
PO102647,UA205A,2025-05-23 11:08:19,2025-05-23 11:33:39
PO101718,UA295F,2024-11-22 13:36:00,2024-11-22 14:14:26
PO100033,UA694H,2024-01-08 17:36:33,2024-01-08 18:34:22
PO100373,UA305G,2024-03-06 11:56:41,2024-03-06 12:34:57
PO100658,UA512F,2024-04-26 17:37:14,2024-04-26 17:58:33
PO102221,UA658H,2025-02-28 07:53:09,2025-02-28 08:59:19
PO101087,UA254G,2024-07-19 08:50:27,2024-07-19 09:20:19
PO103221,UA174H,2025-09-16 17:04:15,2025-09-16 18:16:59
PO102457,UA110F,2025-04-17 09:25:39,2025-04-17 10:10:53
PO103099,UA934F,2025-08-20 20:24:41,2025-08-20 21:17:47
PO100757,UA239A,2024-05-15 08:20:31,2024-05-15 09:01:56
PO102249,UA653A,2025-03-06 09:02:52,2025-03-06 10:03:29
PO101317,UA449D,2024-09-04 13:30:58,2024-09-04 14:09:07
PO100861,UA812B,2024-06-03 13:02:59,2024-06-03 13:53:51
PO101608,UA455E,2024-11-01 11:16:55,2024-11-01 12:19:13
PO100045,UA714F,2024-01-09 17:31:19,2024-01-09 18:25:23
PO101535,UA866C,2024-10-16 18:41:52,2024-10-16 19:18:17
PO103214,UA346F,2025-09-15 15:37:50,2025-09-15 16:27:04
PO103734,UA716E,2025-12-31 10:01:47,2025-12-31 11:01:09
PO103082,UA206E,2025-08-16 15:39:01,2025-08-16 16:28:13
PO103410,UA227E,2025-10-23 14:48:05,2025-10-23 16:10:52
PO102282,UA452C,2025-03-13 11:50:04,2025-03-13 12:40:02
PO100490,UA848B,2024-03-27 13:31:39,2024-03-27 14:50:33
PO100504,UA989E,2024-03-31 00:57:25,2024-03-31 01:31:27
PO102261,UA373F,2025-03-10 17:19:44,2025-03-10 18:23:05
PO100134,UA589H,2024-01-26 20:46:07,2024-01-26 21:55:40
PO102109,UA814C,2025-02-03 17:00:53,2025-02-03 18:34:24
PO100691,UA184A,2024-05-02 19:01:31,2024-05-02 19:39:56
PO102075,UA648C,2025-01-27 21:33:20,2025-01-27 22:39:31
PO102149,UA604D,2025-02-12 09:37:22,2025-02-12 10:29:46
PO103604,UA911C,2025-12-04 18:27:34,2025-12-04 19:53:02
PO103661,UA464G,2025-12-16 11:09:22,2025-12-16 12:03:42
PO100975,UA408E,2024-06-26 16:54:10,2024-06-26 17:11:54
PO102533,UA911B,2025-05-02 13:31:54,2025-05-02 14:42:05
PO100777,UA455F,2024-05-18 14:45:51,2024-05-18 15:15:22
PO100789,UA154D,2024-05-21 12:16:08,2024-05-21 13:29:50
PO102569,UA339C,2025-05-09 14:46:28,2025-05-09 15:51:14
PO100364,UA333E,2024-03-04 16:43:57,2024-03-04 17:32:00
PO102358,UA860E,2025-03-28 15:25:20,2025-03-28 16:24:10
PO100796,UA323F,2024-05-22 10:38:28,2024-05-22 11:34:19
PO101937,UA144C,2025-01-01 15:02:57,2025-01-01 15:53:47
PO102877,UA713F,2025-07-09 16:08:08,2025-07-09 17:05:52
PO101629,UA752F,2024-11-07 17:17:36,2024-11-07 17:43:46
PO101277,UA428F,2024-08-28 13:08:39,2024-08-28 14:02:08
PO102593,UA106F,2025-05-14 11:09:31,2025-05-14 11:54:43
PO100940,UA209A,2024-06-17 11:08:19,2024-06-17 12:07:40
PO101506,UA619A,10/10/2024 12:14,2024-10-10 13:13:02
PO102490,UA724D,2025-04-25 14:13:18,2025-04-25 15:12:22
PO100648,UA610G,2024-04-25 12:51:32,2024-04-25 14:13:10
PO101004,UA483B,2024-07-01 13:42:49,2024-07-01 14:12:02
PO102525,UA326A,2025-04-30 10:38:26,2025-04-30 12:01:17
PO103095,UA292E,2025-08-19 13:25:45,2025-08-19 14:05:07
PO102111,UA263F,2025-02-04 12:01:23,2025-02-04 13:07:16
PO101173,UA644A,2024-08-03 15:50:22,2024-08-03 17:01:12
PO100484,UA109F,2024-03-27 20:44:49,2024-03-27 21:50:08
PO103075,UA303A,2025-08-15 11:53:28,2025-08-15 12:45:13
PO101811,UA411A,2024-12-11 14:41:10,2024-12-11 15:33:36
PO103330,UA555F,2025-10-07 20:31:57,2025-10-07 21:01:40
PO100053,UA143G,2024-01-10 12:55:31,2024-01-10 19:16:00
PO100243,UA124D,2024-02-13 17:13:47,2024-02-13 18:16:08
PO103246,UA695A,2025-09-22 08:29:35,2025-09-22 09:38:43
PO102084,UA577F,2025-01-29 16:24:01,2025-01-29 17:26:52
PO101986,UA703C,2025-01-11 15:35:22,2025-01-11 16:35:47
PO101203,UA925D,2024-08-09 11:32:10,2024-08-09 12:35:45
PO100739,UA202G,2024-05-11 08:18:46,2024-05-11 09:07:39
PO102169,UA877H,2025-02-14 14:00:22,2025-02-14 14:52:22
PO103259,UA342B,2025-09-23 11:51:24,2025-09-23 12:14:34
PO101300,UA976B,2024-09-02 11:47:25,2024-09-02 12:42:23
PO101020,UA118D,2024-07-04 18:36:27,2024-07-04 19:24:33
PO102093,UA280F,2025-01-30 15:19:16,2025-01-30 16:35:04
PO103373,UA994D,2025-10-16 16:26:13,2025-10-16 17:30:01
PO100837,UA172H,2024-05-29 11:27:13,2024-05-29 11:52:04
PO102125,UA681C,2025-02-06 16:11:42,2025-02-06 16:36:14
PO101745,UA848G,2024-11-26 14:38:08,2024-11-26 15:24:05
PO100369,UA176H,2024-03-05 14:31:46,2024-03-05 15:20:52
PO102955,UA332D,2025-07-23 13:02:59,2025-07-23 13:54:20
PO103285,UA138G,2025-09-29 06:05:49,2025-09-29 07:37:18
PO100268,UA299D,2024-02-16 22:06:17,2024-02-16 22:42:30
PO103384,UA252B,2025-10-20 09:27:57,2025-10-20 10:32:23
PO100729,UA771C,2024-05-09 18:01:08,2024-05-09 18:51:48
PO102493,UA953H,2025-04-25 15:24:17,2025-04-25 15:56:32
PO102552,UA177B,2025-05-06 14:45:31,2025-05-06 15:43:23
PO101520,UA954H,2024-10-14 09:20:59,2024-10-14 10:24:19
PO103106,UA812B,2025-08-21 07:03:33,2025-08-21 08:38:58
PO101034,UA237H,2024-07-08 07:32:42,2024-07-08 08:11:44
PO101713,UA229D,2024-11-21 20:00:31,2024-11-21 20:40:17
PO103233,UA920H,2025-09-18 07:39:49,2025-09-18 08:56:19
PO102334,UA483A,2025-03-24 10:20:15,2025-03-24 10:45:56
PO100296,UA950H,2024-02-21 09:38:38,2024-02-21 10:34:16
PO103689,UA576G,2025-12-19 12:02:58,2025-12-19 12:56:23
PO101849,UA948E,2024-12-16 13:07:23,2024-12-16 13:47:07
PO100626,UA772D,2024-04-22 13:14:17,2024-04-22 14:28:40
PO100278,UA351A,2024-02-19 12:14:04,2024-02-19 12:43:56
PO100498,UA584B,2024-03-29 10:35:13,2024-03-29 11:17:55
PO103676,UA985D,2025-12-18 17:49:19,2025-12-18 18:16:27
PO100485,UA416G,2024-03-27 11:01:30,2024-03-27 11:55:03
PO101521,UA845E,2024-10-14 12:21:18,2024-10-14 13:36:50
PO100183,UA383D,2024-02-02 14:14:53,2024-02-02 15:08:35
PO100971,UA309B,2024-06-24 08:04:00,2024-06-24 08:37:05
PO101852,UA614C,2024-12-17 12:43:35,2024-12-17 13:54:32
PO102225,UA248B,2025-02-28 17:23:32,2025-02-28 18:18:33
PO100685,UA640B,2024-05-01 14:34:48,2024-05-01 15:02:50
PO101769,UA948B,2024-12-03 18:37:50,2024-12-03 19:33:40
PO101121,UA440H,2024-07-26 09:49:45,2024-07-26 10:16:16
PO102085,UA167D,2025-01-29 21:21:33,2025-01-29 22:05:10
PO101181,UA746C,2024-08-06 11:03:42,2024-08-06 11:36:45
PO102051,UA236G,2025-01-23 15:46:44,2025-01-23 16:44:03
PO100755,UA764H,2024-05-15 20:52:31,2024-05-15 21:39:12
PO100509,UA513B,2024-03-30 14:07:37,2024-03-30 15:13:05
PO102546,UA189E,2025-05-05 19:46:00,2025-05-05 20:40:11
PO102357,UA128D,2025-03-27 14:06:00,2025-03-27 14:47:17
PO103362,UA124G,2025-10-15 08:00:00,2025-10-15 08:54:52
PO101982,UA107D,2025-01-10 08:40:40,2025-01-10 09:36:04
PO103633,UA784D,2025-12-10 13:20:24,2025-12-10 13:46:50
PO101439,UA961D,2024-09-25 14:53:16,2024-09-25 15:53:04
PO101446,UA580E,2024-09-27 19:03:39,2024-09-27 19:52:45
PO100142,UA244A,2024-01-28 18:03:51,2024-01-28 19:14:22
PO103296,UA767D,2025-09-30 15:40:18,2025-09-30 16:46:42
PO100865,UA756D,2024-06-04 15:22:48,2024-06-04 16:17:02
PO102232,UA511B,2025-03-03 14:19:05,2025-03-03 15:09:14
PO102323,UA675E,2025-03-21 21:50:01,2025-03-21 22:28:22
PO101011,UA973A,2024-07-02 18:21:03,2024-07-02 19:24:18
PO102961,UA161D,2025-07-24 09:27:58,2025-07-24 10:23:20
PO102791,UA736E,2025-06-21 18:55:24,2025-06-21 19:43:53
PO100849,UA690B,2024-05-31 19:20:51,2024-05-31 20:37:16
PO102560,UA146H,2025-05-07 21:11:59,2025-05-07 22:03:18
PO102780,UA279A,2025-06-18 11:09:33,2025-06-18 12:04:49
PO103684,UA746G,2025-12-19 17:53:16,2025-12-19 18:29:11
PO103045,UA106C,2025-08-08 11:55:17,2025-08-08 13:19:32
PO101995,UA770C,2025-01-13 12:36:15,2025-01-13 13:35:53
PO100888,UA590A,2024-06-07 09:02:23,2024-06-07 09:32:48
PO100118,UA180C,2024-01-24 08:04:23,2024-01-24 14:24:53
PO103074,UA235A,2025-08-14 15:25:50,2025-08-14 16:26:09
PO102162,UA463B,2025-02-14 10:31:03,2025-02-14 11:25:10
PO100546,UA264C,2024-04-05 11:11:25,2024-04-05 11:58:01
PO102025,UA526E,2025-01-18 17:04:42,2025-01-18 17:58:54
PO101790,UA888C,2024-12-07 16:16:33,2024-12-07 16:52:38
PO102214,UA318A,2025-02-26 10:07:43,2025-02-26 11:04:21
PO101977,UA809E,2025-01-09 09:36:40,2025-01-09 10:43:32
PO102233,UA815G,2025-03-03 07:56:07,2025-03-03 09:06:22
PO102772,UA675B,2025-06-17 15:06:15,2025-06-17 16:14:43
PO101984,UA625G,2025-01-11 14:13:59,2025-01-11 14:31:02
PO101397,UA589F,2024-09-19 13:43:02,2024-09-19 14:32:04
PO100275,UA743H,2024-02-19 10:58:32,2024-02-19 11:53:53
PO103050,UA127G,2025-08-08 10:33:41,2025-08-08 11:21:33
PO100705,UA668E,06/05/2024 16:25,2024-05-06 17:19:06
PO101025,UA299D,2024-07-05 20:06:25,2024-07-05 20:54:29
PO101591,UA555A,2024-10-29 22:00:27,2024-10-29 23:18:00
PO101565,UA392H,2024-10-24 08:21:43,2024-10-24 15:12:39
PO103573,UA839B,2025-11-26 15:59:01,2025-11-26 17:25:55
PO101743,UA172C,2024-11-26 15:49:29,2024-11-26 16:36:49
PO100384,UA651F,2024-03-07 16:35:38,2024-03-07 17:31:50
PO101430,UA119D,2024-09-24 17:57:48,2024-09-24 19:00:31
PO102610,UA899C,2025-05-16 13:23:04,2025-05-16 14:39:22
PO102911,UA100C,2025-07-15 14:16:24,2025-07-15 15:27:45
PO103093,UA618B,2025-08-19 09:55:26,2025-08-19 10:49:18
PO101830,UA734B,2024-12-13 08:23:13,2024-12-13 19:41:09
PO100177,UA669F,2024-02-02 08:33:02,2024-02-02 09:21:41
PO101360,UA385D,2024-09-11 20:41:29,2024-09-11 21:47:09
PO102428,UA392H,2025-04-13 15:13:21,2025-04-13 16:08:11
PO103618,UA324G,2025-12-08 11:18:34,2025-12-08 12:09:16
PO103244,UA818C,2025-09-20 14:54:29,2025-09-20 16:15:36
PO103065,UA105E,2025-08-13 16:19:02,2025-08-13 17:24:03
PO102568,UA756A,2025-05-08 09:44:17,2025-05-08 10:31:36
PO100831,UA696C,2024-05-28 07:40:47,2024-05-28 08:46:28
PO102556,UA713C,2025-05-06 21:03:17,2025-05-06 22:10:46
PO103225,UA830D,2025-09-16 08:38:57,2025-09-16 09:26:11
PO101643,UA572F,2024-11-09 08:24:26,2024-11-09 09:47:00
PO102462,UA652D,2025-04-18 07:57:16,2025-04-18 08:51:07
PO101634,UA386F,2024-11-07 18:28:24,2024-11-07 19:21:47
PO100623,UA362A,2024-04-22 21:05:47,2024-04-22 21:49:45
PO102921,UA900A,2025-07-16 09:59:01,2025-07-16 10:56:00
PO103654,UA197B,2025-12-15 11:59:51,2025-12-15 13:09:06
PO100859,UA293G,2024-06-03 21:15:56,2024-06-03 22:18:10
PO100642,UA360A,2024-04-24 20:00:15,2024-04-24 20:48:43
PO103389,UA189G,2025-10-21 18:31:34,2025-10-21 19:26:20
PO102307,UA346G,2025-03-18 09:04:55,2025-03-18 10:12:26
PO100835,UA993C,2024-05-29 08:36:16,2024-05-29 09:27:34
PO102711,UA128H,2025-06-04 20:56:10,2025-06-04 21:42:53
PO101499,UA906G,2024-10-09 13:59:09,2024-10-09 14:53:42
PO100338,UA952A,2024-02-28 15:58:11,2024-02-28 16:50:52
PO103611,UA179E,2025-12-06 13:02:44,2025-12-06 13:57:44
PO103577,UA812C,2025-11-28 12:02:25,2025-11-28 12:59:10
PO102447,UA738B,2025-04-15 13:13:27,2025-04-15 14:08:34
PO101448,UA426D,2024-09-27 12:17:04,2024-09-27 12:53:04
PO102654,UA858A,26/05/2025 07:39,2025-05-26 08:36:41
PO101965,UA419F,2025-01-07 21:45:01,2025-01-07 22:31:22
PO101685,UA794H,2024-11-15 15:55:04,2024-11-15 16:35:34
PO102529,UA833B,2025-05-01 15:45:17,2025-05-01 16:50:27
PO103495,UA730G,2025-11-10 14:09:10,2025-11-10 15:03:32
PO101144,UA469C,2024-07-30 08:44:39,2024-07-30 09:34:08
PO102966,UA150A,2025-07-25 12:34:40,2025-07-25 13:15:52
PO103723,UA839C,2025-12-29 20:54:16,2025-12-29 21:35:24
PO101706,UA419A,2024-11-20 17:30:26,2024-11-20 18:05:20
PO103066,UA222C,2025-08-13 10:25:53,2025-08-13 11:10:30
PO102924,UA756E,2025-07-16 13:52:34,2025-07-16 14:40:30
PO101739,UA288B,2024-11-26 07:41:31,2024-11-26 08:42:52
PO102708,UA116F,2025-06-04 09:01:13,2025-06-04 10:13:50
PO103070,UA694B,2025-08-13 20:25:06,2025-08-13 21:53:20
PO100790,UA656C,2024-05-21 17:41:53,2024-05-21 18:37:49
PO102305,UA488C,2025-03-18 14:25:18,2025-03-18 15:14:44
PO100969,UA509G,2024-06-24 10:59:55,2024-06-24 11:55:04
PO103001,UA330C,2025-07-31 14:12:39,2025-07-31 15:24:46
PO101668,UA888B,2024-11-13 11:12:01,2024-11-13 11:25:05
PO103322,UA145B,2025-10-06 13:11:48,2025-10-06 13:50:21
PO101689,UA359D,2024-11-17 19:15:19,2024-11-17 19:44:28
PO101899,UA120A,2024-12-26 15:31:51,2024-12-26 16:27:01
